parent,leaked,model,state
11.1,no,DeepSeek-V4-flash (reasoning),both
4.3,no,DeepSeek-V4-flash (reasoning),both
6.1.4,no,DeepSeek-V4-flash (reasoning),both
7.4,no,DeepSeek-V4-flash (reasoning),both
air_63,no,DeepSeek-V4-flash (reasoning),both
air_71,no,DeepSeek-V4-flash (reasoning),both
air_72,no,DeepSeek-V4-flash (reasoning),both
air_88,no,DeepSeek-V4-flash (reasoning),both
air_91,no,DeepSeek-V4-flash (reasoning),both
air_92,no,DeepSeek-V4-flash (reasoning),both
air_98,no,DeepSeek-V4-flash (reasoning),both
air_103,no,DeepSeek-V4-flash (reasoning),both
air_106,no,DeepSeek-V4-flash (reasoning),both
air_104,no,DeepSeek-V4-flash (reasoning),both
air_123,no,DeepSeek-V4-flash (reasoning),both
air_119,no,DeepSeek-V4-flash (reasoning),both
air_122,no,DeepSeek-V4-flash (reasoning),both
air_124,no,DeepSeek-V4-flash (reasoning),both
air_130,no,DeepSeek-V4-flash (reasoning),both
air_138,no,DeepSeek-V4-flash (reasoning),both
air_139,no,DeepSeek-V4-flash (reasoning),both
air_145,no,DeepSeek-V4-flash (reasoning),both
air_146,no,DeepSeek-V4-flash (reasoning),both
air_149,no,DeepSeek-V4-flash (reasoning),both
air_154,no,DeepSeek-V4-flash (reasoning),both
air_159,no,DeepSeek-V4-flash (reasoning),both
air_167,no,DeepSeek-V4-flash (reasoning),both
air_168,no,DeepSeek-V4-flash (reasoning),both
air_172,no,DeepSeek-V4-flash (reasoning),both
air_173,no,DeepSeek-V4-flash (reasoning),both
air_178,no,DeepSeek-V4-flash (reasoning),both
air_182,no,DeepSeek-V4-flash (reasoning),gained
air_198,no,DeepSeek-V4-flash (reasoning),both
air_201,no,DeepSeek-V4-flash (reasoning),neither
air_203,no,DeepSeek-V4-flash (reasoning),both
air_205,no,DeepSeek-V4-flash (reasoning),both
air_212,no,DeepSeek-V4-flash (reasoning),both
air_213,no,DeepSeek-V4-flash (reasoning),both
air_214,no,DeepSeek-V4-flash (reasoning),both
air_228,no,DeepSeek-V4-flash (reasoning),both
air_235,no,DeepSeek-V4-flash (reasoning),both
air_236,no,DeepSeek-V4-flash (reasoning),both
air_239,no,DeepSeek-V4-flash (reasoning),both
air_246,no,DeepSeek-V4-flash (reasoning),both
air_248,no,DeepSeek-V4-flash (reasoning),neither
air_243,no,DeepSeek-V4-flash (reasoning),both
air_251,no,DeepSeek-V4-flash (reasoning),both
air_250,no,DeepSeek-V4-flash (reasoning),both
air_252,no,DeepSeek-V4-flash (reasoning),both
air_256,no,DeepSeek-V4-flash (reasoning),both
air_273,no,DeepSeek-V4-flash (reasoning),both
air_282,no,DeepSeek-V4-flash (reasoning),both
air_284,no,DeepSeek-V4-flash (reasoning),both
air_285,no,DeepSeek-V4-flash (reasoning),both
air_289,no,DeepSeek-V4-flash (reasoning),both
air_292,no,DeepSeek-V4-flash (reasoning),both
air_296,no,DeepSeek-V4-flash (reasoning),fragile
air_300,no,DeepSeek-V4-flash (reasoning),both
air_301,no,DeepSeek-V4-flash (reasoning),both
air_305,no,DeepSeek-V4-flash (reasoning),both
air_315,no,DeepSeek-V4-flash (reasoning),both
air_314,no,DeepSeek-V4-flash (reasoning),both
air_318,no,DeepSeek-V4-flash (reasoning),gained
air_320,no,DeepSeek-V4-flash (reasoning),both
air_321,no,DeepSeek-V4-flash (reasoning),both
air_323,no,DeepSeek-V4-flash (reasoning),both
air_326,no,DeepSeek-V4-flash (reasoning),both
air_328,no,DeepSeek-V4-flash (reasoning),both
air_335,no,DeepSeek-V4-flash (reasoning),both
air_346,no,DeepSeek-V4-flash (reasoning),neither
air_355,no,DeepSeek-V4-flash (reasoning),both
air_368,no,DeepSeek-V4-flash (reasoning),both
air_371,no,DeepSeek-V4-flash (reasoning),both
air_363,no,DeepSeek-V4-flash (reasoning),both
air_369,no,DeepSeek-V4-flash (reasoning),gained
air_382,no,DeepSeek-V4-flash (reasoning),both
air_405,no,DeepSeek-V4-flash (reasoning),both
p_0,no,DeepSeek-V4-flash (reasoning),both
p_10,no,DeepSeek-V4-flash (reasoning),both
p_11,no,DeepSeek-V4-flash (reasoning),both
2.4,no,DeepSeek-V4-flash (reasoning),both
2.3,no,DeepSeek-V4-flash (reasoning),both
2.7,no,DeepSeek-V4-flash (reasoning),both
2.13,no,DeepSeek-V4-flash (reasoning),both
2.15,no,DeepSeek-V4-flash (reasoning),both
5.2,no,DeepSeek-V4-flash (reasoning),both
5.7,no,DeepSeek-V4-flash (reasoning),both
6.1,no,DeepSeek-V4-flash (reasoning),both
6.2,no,DeepSeek-V4-flash (reasoning),both
p_2,no,DeepSeek-V4-flash (reasoning),both
7.1,no,DeepSeek-V4-flash (reasoning),both
5.10,no,DeepSeek-V4-flash (reasoning),both
p_16,no,DeepSeek-V4-flash (reasoning),both
p_23,no,DeepSeek-V4-flash (reasoning),both
p_35,no,DeepSeek-V4-flash (reasoning),both
p_38,no,DeepSeek-V4-flash (reasoning),both
p_40,no,DeepSeek-V4-flash (reasoning),both
p_51,no,DeepSeek-V4-flash (reasoning),both
p_52,no,DeepSeek-V4-flash (reasoning),both
p_54,no,DeepSeek-V4-flash (reasoning),both
p_61,no,DeepSeek-V4-flash (reasoning),both
p_63,no,DeepSeek-V4-flash (reasoning),both
p_71,no,DeepSeek-V4-flash (reasoning),both
p_72,no,DeepSeek-V4-flash (reasoning),both
p_83,no,DeepSeek-V4-flash (reasoning),both
p_84,no,DeepSeek-V4-flash (reasoning),both
p_85,no,DeepSeek-V4-flash (reasoning),both
p_95,no,DeepSeek-V4-flash (reasoning),both
p_99,no,DeepSeek-V4-flash (reasoning),both
p_104,no,DeepSeek-V4-flash (reasoning),both
p_107,no,DeepSeek-V4-flash (reasoning),both
p_109,no,DeepSeek-V4-flash (reasoning),both
p_108,no,DeepSeek-V4-flash (reasoning),both
p_111,no,DeepSeek-V4-flash (reasoning),both
p_112,no,DeepSeek-V4-flash (reasoning),both
p_123,no,DeepSeek-V4-flash (reasoning),both
p_127,no,DeepSeek-V4-flash (reasoning),both
3.2,no,DeepSeek-V4-flash (reasoning),both
6.9,yes,DeepSeek-V4-flash (reasoning),fragile
air_174,no,DeepSeek-V4-flash (reasoning),both
turner_3,no,DeepSeek-V4-flash (reasoning),both
turner_23,no,DeepSeek-V4-flash (reasoning),both
snp_6,no,DeepSeek-V4-flash (reasoning),neither
holton_44,no,DeepSeek-V4-flash (reasoning),both
snp_37,no,DeepSeek-V4-flash (reasoning),both
snp_12,no,DeepSeek-V4-flash (reasoning),both
holton_22,no,DeepSeek-V4-flash (reasoning),fragile
holton_52,no,DeepSeek-V4-flash (reasoning),both
holton_8,no,DeepSeek-V4-flash (reasoning),both
holton_28,no,DeepSeek-V4-flash (reasoning),both
holton_50,no,DeepSeek-V4-flash (reasoning),both
snp_45,yes,DeepSeek-V4-flash (reasoning),neither
snp_19,no,DeepSeek-V4-flash (reasoning),both
holton_58,no,DeepSeek-V4-flash (reasoning),both
snp_50,yes,DeepSeek-V4-flash (reasoning),both
holton_34,no,DeepSeek-V4-flash (reasoning),both
snp_7,no,DeepSeek-V4-flash (reasoning),both
holton_5,no,DeepSeek-V4-flash (reasoning),both
snp_67,no,DeepSeek-V4-flash (reasoning),both
snp_4,no,DeepSeek-V4-flash (reasoning),both
jacob_2.1,no,DeepSeek-V4-flash (reasoning),both
holton_38,no,DeepSeek-V4-flash (reasoning),both
snp_15,no,DeepSeek-V4-flash (reasoning),both
holton_27,no,DeepSeek-V4-flash (reasoning),both
holton_60,no,DeepSeek-V4-flash (reasoning),both
holton_62,no,DeepSeek-V4-flash (reasoning),neither
holton_16,no,DeepSeek-V4-flash (reasoning),both
snp_72,no,DeepSeek-V4-flash (reasoning),both
snp_56,no,DeepSeek-V4-flash (reasoning),both
holton_30,no,DeepSeek-V4-flash (reasoning),both
snp_5,no,DeepSeek-V4-flash (reasoning),both
snp_99,no,DeepSeek-V4-flash (reasoning),both
snp_85,no,DeepSeek-V4-flash (reasoning),both
snp_43,no,DeepSeek-V4-flash (reasoning),both
snp_68,no,DeepSeek-V4-flash (reasoning),both
holton_1,no,DeepSeek-V4-flash (reasoning),both
snp_49,no,DeepSeek-V4-flash (reasoning),both
snp_8,no,DeepSeek-V4-flash (reasoning),both
holton_11,no,DeepSeek-V4-flash (reasoning),neither
holton_19,no,DeepSeek-V4-flash (reasoning),both
holton_33,yes,DeepSeek-V4-flash (reasoning),both
holton_51,no,DeepSeek-V4-flash (reasoning),both
jacob_13.4,no,DeepSeek-V4-flash (reasoning),both
snp_22,no,DeepSeek-V4-flash (reasoning),both
4.4,no,DeepSeek-V4-flash (reasoning),both
2.2,no,DeepSeek-V4-flash (reasoning),both
4.8,no,DeepSeek-V4-flash (reasoning),both
3.11,no,DeepSeek-V4-flash (reasoning),both
5.11,no,DeepSeek-V4-flash (reasoning),both
4.9,no,DeepSeek-V4-flash (reasoning),both
8.7,no,DeepSeek-V4-flash (reasoning),both
3.8,no,DeepSeek-V4-flash (reasoning),both
5.9,no,DeepSeek-V4-flash (reasoning),both
air_116,no,DeepSeek-V4-flash (reasoning),both
air_234,no,DeepSeek-V4-flash (reasoning),both
jacob_12.1,no,DeepSeek-V4-flash (reasoning),both
snp_94,no,DeepSeek-V4-flash (reasoning),gained
snp_30,no,DeepSeek-V4-flash (reasoning),both
ry_1.3,no,DeepSeek-V4-flash (reasoning),both
ry_1.6,no,DeepSeek-V4-flash (reasoning),both
ry_3.5,no,DeepSeek-V4-flash (reasoning),both
ry_12.5,no,DeepSeek-V4-flash (reasoning),both
ry_13.7,no,DeepSeek-V4-flash (reasoning),both
dn_12.1,no,DeepSeek-V4-flash (reasoning),both
dn_6.27,no,DeepSeek-V4-flash (reasoning),both
dn_9.27,no,DeepSeek-V4-flash (reasoning),both
dn_4.15,no,DeepSeek-V4-flash (reasoning),both
dn_10.44,no,DeepSeek-V4-flash (reasoning),both
fp_2.4,no,DeepSeek-V4-flash (reasoning),both
fp_2.1,no,DeepSeek-V4-flash (reasoning),both
fp_12.2,no,DeepSeek-V4-flash (reasoning),both
fp_12.1,no,DeepSeek-V4-flash (reasoning),both
fp_2.5,no,DeepSeek-V4-flash (reasoning),both
ca_3.9,no,DeepSeek-V4-flash (reasoning),neither
ca_10.5,no,DeepSeek-V4-flash (reasoning),both
ca_15.7,no,DeepSeek-V4-flash (reasoning),both
air_121,no,DeepSeek-V4-flash (reasoning),both
air_226,no,DeepSeek-V4-flash (reasoning),both
dn_6.31,no,DeepSeek-V4-flash (reasoning),neither
dn_8.4,no,DeepSeek-V4-flash (reasoning),both
jacobson_2.1,no,DeepSeek-V4-flash (reasoning),both
jacobson_2.13,no,DeepSeek-V4-flash (reasoning),both
jacobson_2.6,no,DeepSeek-V4-flash (reasoning),both
jacobson_3.5,no,DeepSeek-V4-flash (reasoning),both
jacobson_4.1,no,DeepSeek-V4-flash (reasoning),both
jacobson_4.5,no,DeepSeek-V4-flash (reasoning),both
jacobson_3.6(a),no,DeepSeek-V4-flash (reasoning),both
jacobson_2.16,no,DeepSeek-V4-flash (reasoning),both
jacobson_2.7,no,DeepSeek-V4-flash (reasoning),both
jacobson_3.6(c),no,DeepSeek-V4-flash (reasoning),both
jacobson_2.17,no,DeepSeek-V4-flash (reasoning),both
jacobson_4.8,no,DeepSeek-V4-flash (reasoning),both
jacobson_2.5,no,DeepSeek-V4-flash (reasoning),both
jacobson_18.6,no,DeepSeek-V4-flash (reasoning),both
jacobson_13.2,no,DeepSeek-V4-flash (reasoning),both
jacobson_38,no,DeepSeek-V4-flash (reasoning),both
jacobson_18.1,no,DeepSeek-V4-flash (reasoning),both
jacobson_18.8(a),no,DeepSeek-V4-flash (reasoning),both
jacobson_2.19,no,DeepSeek-V4-flash (reasoning),both
air_102,no,DeepSeek-V4-flash (reasoning),both
air_107,no,DeepSeek-V4-flash (reasoning),both
air_0,no,DeepSeek-V4-flash (reasoning),both
1.2,no,DeepSeek-V4-flash (reasoning),both
air_110,no,DeepSeek-V4-flash (reasoning),both
air_111,no,DeepSeek-V4-flash (reasoning),both
air_120,no,DeepSeek-V4-flash (reasoning),both
1.1,no,DeepSeek-V4-flash (reasoning),both
air_125,no,DeepSeek-V4-flash (reasoning),both
air_132,no,DeepSeek-V4-flash (reasoning),both
10.3,no,DeepSeek-V4-flash (reasoning),both
air_133,no,DeepSeek-V4-flash (reasoning),both
air_147,no,DeepSeek-V4-flash (reasoning),both
air_170,no,DeepSeek-V4-flash (reasoning),both
air_177,no,DeepSeek-V4-flash (reasoning),both
air_183,no,DeepSeek-V4-flash (reasoning),both
air_187,no,DeepSeek-V4-flash (reasoning),both
air_197,no,DeepSeek-V4-flash (reasoning),both
air_215,no,DeepSeek-V4-flash (reasoning),both
air_224,no,DeepSeek-V4-flash (reasoning),both
air_227,no,DeepSeek-V4-flash (reasoning),both
air_259,no,DeepSeek-V4-flash (reasoning),both
air_255,no,DeepSeek-V4-flash (reasoning),both
air_220,no,DeepSeek-V4-flash (reasoning),both
air_261,no,DeepSeek-V4-flash (reasoning),both
air_290,no,DeepSeek-V4-flash (reasoning),both
air_299,yes,DeepSeek-V4-flash (reasoning),both
air_263,no,DeepSeek-V4-flash (reasoning),both
air_3,no,DeepSeek-V4-flash (reasoning),both
air_308,no,DeepSeek-V4-flash (reasoning),both
air_310,no,DeepSeek-V4-flash (reasoning),both
air_264,no,DeepSeek-V4-flash (reasoning),both
air_304,yes,DeepSeek-V4-flash (reasoning),both
air_330,no,DeepSeek-V4-flash (reasoning),both
air_339,no,DeepSeek-V4-flash (reasoning),both
air_338,no,DeepSeek-V4-flash (reasoning),both
air_347,no,DeepSeek-V4-flash (reasoning),both
air_349,no,DeepSeek-V4-flash (reasoning),both
air_345,no,DeepSeek-V4-flash (reasoning),both
air_362,no,DeepSeek-V4-flash (reasoning),both
air_379,no,DeepSeek-V4-flash (reasoning),both
air_380,yes,DeepSeek-V4-flash (reasoning),both
air_385,yes,DeepSeek-V4-flash (reasoning),both
air_395,no,DeepSeek-V4-flash (reasoning),both
air_59,no,DeepSeek-V4-flash (reasoning),both
air_360,no,DeepSeek-V4-flash (reasoning),both
air_64,no,DeepSeek-V4-flash (reasoning),both
air_68,no,DeepSeek-V4-flash (reasoning),both
air_99,no,DeepSeek-V4-flash (reasoning),both
dn_10.28,no,DeepSeek-V4-flash (reasoning),both
air_90,no,DeepSeek-V4-flash (reasoning),both
holton_40,no,DeepSeek-V4-flash (reasoning),both
air_392,no,DeepSeek-V4-flash (reasoning),both
holton_36,no,DeepSeek-V4-flash (reasoning),both
holton_76,no,DeepSeek-V4-flash (reasoning),both
holton_7,no,DeepSeek-V4-flash (reasoning),both
jacob_13.2,no,DeepSeek-V4-flash (reasoning),gained
holton_56,no,DeepSeek-V4-flash (reasoning),fragile
p_101,yes,DeepSeek-V4-flash (reasoning),both
ca_10.7,no,DeepSeek-V4-flash (reasoning),both
p_103,no,DeepSeek-V4-flash (reasoning),both
p_106,no,DeepSeek-V4-flash (reasoning),both
p_113,no,DeepSeek-V4-flash (reasoning),both
p_110,no,DeepSeek-V4-flash (reasoning),both
p_114,no,DeepSeek-V4-flash (reasoning),both
p_115,no,DeepSeek-V4-flash (reasoning),both
p_22,no,DeepSeek-V4-flash (reasoning),both
p_12,no,DeepSeek-V4-flash (reasoning),both
p_20,no,DeepSeek-V4-flash (reasoning),both
p_25,no,DeepSeek-V4-flash (reasoning),both
p_26,no,DeepSeek-V4-flash (reasoning),both
p_3,no,DeepSeek-V4-flash (reasoning),both
p_21,no,DeepSeek-V4-flash (reasoning),both
p_41,no,DeepSeek-V4-flash (reasoning),both
p_37,no,DeepSeek-V4-flash (reasoning),both
jacob_4.7,no,DeepSeek-V4-flash (reasoning),both
p_4,no,DeepSeek-V4-flash (reasoning),both
p_57,no,DeepSeek-V4-flash (reasoning),both
p_55,no,DeepSeek-V4-flash (reasoning),both
p_5,no,DeepSeek-V4-flash (reasoning),both
p_56,no,DeepSeek-V4-flash (reasoning),both
p_7,no,DeepSeek-V4-flash (reasoning),both
p_96,no,DeepSeek-V4-flash (reasoning),both
p_70,no,DeepSeek-V4-flash (reasoning),both
p_6,no,DeepSeek-V4-flash (reasoning),both
turner_1,no,DeepSeek-V4-flash (reasoning),both
snp_9,no,DeepSeek-V4-flash (reasoning),both
turner_2,no,DeepSeek-V4-flash (reasoning),both
p_73,no,DeepSeek-V4-flash (reasoning),both
p_102,no,DeepSeek-V4-flash (reasoning),both
air_89,yes,DeepSeek-V4-flash (reasoning),both
2.14,no,DeepSeek-V4-flash (reasoning),both
holton_2,no,DeepSeek-V4-flash (reasoning),both
holton_53,no,DeepSeek-V4-flash (reasoning),both
air_148,no,DeepSeek-V4-flash (reasoning),both
air_137,no,DeepSeek-V4-flash (reasoning),both
air_143,no,DeepSeek-V4-flash (reasoning),both
air_165,no,DeepSeek-V4-flash (reasoning),both
air_229,no,DeepSeek-V4-flash (reasoning),both
air_206,no,DeepSeek-V4-flash (reasoning),both
air_231,yes,DeepSeek-V4-flash (reasoning),both
air_306,no,DeepSeek-V4-flash (reasoning),both
air_105,no,DeepSeek-V4-flash (reasoning),both
air_322,no,DeepSeek-V4-flash (reasoning),both
air_351,no,DeepSeek-V4-flash (reasoning),both
air_334,no,DeepSeek-V4-flash (reasoning),both
air_342,no,DeepSeek-V4-flash (reasoning),both
air_408,no,DeepSeek-V4-flash (reasoning),both
dn_13.4,no,DeepSeek-V4-flash (reasoning),both
dn_15.18,no,DeepSeek-V4-flash (reasoning),both
air_361,no,DeepSeek-V4-flash (reasoning),both
air_269,no,DeepSeek-V4-flash (reasoning),both
fp_11.2,no,DeepSeek-V4-flash (reasoning),both
holton_10,no,DeepSeek-V4-flash (reasoning),both
holton_13,no,DeepSeek-V4-flash (reasoning),both
jacob_4.8,yes,DeepSeek-V4-flash (reasoning),both
jacobson_2.14,no,DeepSeek-V4-flash (reasoning),both
p_124,no,DeepSeek-V4-flash (reasoning),both
p_93,no,DeepSeek-V4-flash (reasoning),both
jacobson_4.6,no,DeepSeek-V4-flash (reasoning),both
jacobson_5.2,no,DeepSeek-V4-flash (reasoning),both
air_108,no,DeepSeek-V4-flash (reasoning),both
air_126,no,DeepSeek-V4-flash (reasoning),both
air_238,no,DeepSeek-V4-flash (reasoning),both
snp_64,no,DeepSeek-V4-flash (reasoning),both
dn_14.10,no,DeepSeek-V4-flash (reasoning),both
jacobson_14.1,no,DeepSeek-V4-flash (reasoning),gained
11.1,no,DeepSeek-V4-flash,both
4.3,no,DeepSeek-V4-flash,both
6.1.4,no,DeepSeek-V4-flash,both
7.4,no,DeepSeek-V4-flash,gained
air_63,no,DeepSeek-V4-flash,both
air_71,no,DeepSeek-V4-flash,both
air_72,no,DeepSeek-V4-flash,both
air_88,no,DeepSeek-V4-flash,both
air_91,no,DeepSeek-V4-flash,both
air_92,no,DeepSeek-V4-flash,both
air_98,no,DeepSeek-V4-flash,both
air_103,no,DeepSeek-V4-flash,both
air_106,no,DeepSeek-V4-flash,both
air_104,no,DeepSeek-V4-flash,both
air_123,no,DeepSeek-V4-flash,both
air_119,no,DeepSeek-V4-flash,both
air_122,no,DeepSeek-V4-flash,both
air_124,no,DeepSeek-V4-flash,both
air_130,no,DeepSeek-V4-flash,both
air_138,no,DeepSeek-V4-flash,both
air_139,no,DeepSeek-V4-flash,both
air_145,no,DeepSeek-V4-flash,both
air_146,no,DeepSeek-V4-flash,both
air_149,no,DeepSeek-V4-flash,both
air_154,no,DeepSeek-V4-flash,both
air_159,no,DeepSeek-V4-flash,both
air_167,no,DeepSeek-V4-flash,both
air_168,no,DeepSeek-V4-flash,both
air_172,no,DeepSeek-V4-flash,both
air_173,no,DeepSeek-V4-flash,both
air_178,no,DeepSeek-V4-flash,neither
air_182,no,DeepSeek-V4-flash,fragile
air_198,no,DeepSeek-V4-flash,both
air_201,no,DeepSeek-V4-flash,gained
air_203,no,DeepSeek-V4-flash,both
air_205,no,DeepSeek-V4-flash,both
air_212,no,DeepSeek-V4-flash,both
air_213,no,DeepSeek-V4-flash,both
air_214,no,DeepSeek-V4-flash,neither
air_228,no,DeepSeek-V4-flash,gained
air_235,no,DeepSeek-V4-flash,both
air_236,no,DeepSeek-V4-flash,both
air_239,no,DeepSeek-V4-flash,both
air_246,no,DeepSeek-V4-flash,neither
air_248,no,DeepSeek-V4-flash,neither
air_243,no,DeepSeek-V4-flash,both
air_251,no,DeepSeek-V4-flash,both
air_250,no,DeepSeek-V4-flash,both
air_252,no,DeepSeek-V4-flash,both
air_256,no,DeepSeek-V4-flash,both
air_273,no,DeepSeek-V4-flash,both
air_282,no,DeepSeek-V4-flash,both
air_284,no,DeepSeek-V4-flash,both
air_285,no,DeepSeek-V4-flash,both
air_289,no,DeepSeek-V4-flash,neither
air_292,no,DeepSeek-V4-flash,both
air_296,no,DeepSeek-V4-flash,both
air_300,no,DeepSeek-V4-flash,both
air_301,no,DeepSeek-V4-flash,both
air_305,no,DeepSeek-V4-flash,both
air_315,no,DeepSeek-V4-flash,both
air_314,no,DeepSeek-V4-flash,gained
air_318,no,DeepSeek-V4-flash,both
air_320,no,DeepSeek-V4-flash,both
air_321,no,DeepSeek-V4-flash,both
air_323,no,DeepSeek-V4-flash,both
air_326,no,DeepSeek-V4-flash,both
air_328,no,DeepSeek-V4-flash,both
air_335,no,DeepSeek-V4-flash,both
air_346,no,DeepSeek-V4-flash,neither
air_355,no,DeepSeek-V4-flash,both
air_368,no,DeepSeek-V4-flash,both
air_371,no,DeepSeek-V4-flash,both
air_363,no,DeepSeek-V4-flash,both
air_369,no,DeepSeek-V4-flash,neither
air_382,no,DeepSeek-V4-flash,both
air_405,no,DeepSeek-V4-flash,both
p_0,no,DeepSeek-V4-flash,both
p_10,no,DeepSeek-V4-flash,neither
p_11,no,DeepSeek-V4-flash,both
2.4,no,DeepSeek-V4-flash,both
2.3,no,DeepSeek-V4-flash,both
2.7,no,DeepSeek-V4-flash,both
2.13,no,DeepSeek-V4-flash,gained
2.15,no,DeepSeek-V4-flash,both
5.2,no,DeepSeek-V4-flash,both
5.7,no,DeepSeek-V4-flash,gained
6.1,no,DeepSeek-V4-flash,both
6.2,no,DeepSeek-V4-flash,both
p_2,no,DeepSeek-V4-flash,both
7.1,no,DeepSeek-V4-flash,both
5.10,no,DeepSeek-V4-flash,both
p_16,no,DeepSeek-V4-flash,both
p_23,no,DeepSeek-V4-flash,both
p_35,no,DeepSeek-V4-flash,both
p_38,no,DeepSeek-V4-flash,both
p_40,no,DeepSeek-V4-flash,both
p_51,no,DeepSeek-V4-flash,both
p_52,no,DeepSeek-V4-flash,both
p_54,no,DeepSeek-V4-flash,both
p_61,no,DeepSeek-V4-flash,both
p_63,no,DeepSeek-V4-flash,both
p_71,no,DeepSeek-V4-flash,both
p_72,no,DeepSeek-V4-flash,both
p_83,no,DeepSeek-V4-flash,both
p_84,no,DeepSeek-V4-flash,both
p_85,no,DeepSeek-V4-flash,both
p_95,no,DeepSeek-V4-flash,both
p_99,no,DeepSeek-V4-flash,both
p_104,no,DeepSeek-V4-flash,both
p_107,no,DeepSeek-V4-flash,both
p_109,no,DeepSeek-V4-flash,both
p_108,no,DeepSeek-V4-flash,both
p_111,no,DeepSeek-V4-flash,both
p_112,no,DeepSeek-V4-flash,both
p_123,no,DeepSeek-V4-flash,both
p_127,no,DeepSeek-V4-flash,both
3.2,no,DeepSeek-V4-flash,both
6.9,yes,DeepSeek-V4-flash,both
air_174,no,DeepSeek-V4-flash,both
turner_3,no,DeepSeek-V4-flash,fragile
turner_23,no,DeepSeek-V4-flash,gained
snp_6,no,DeepSeek-V4-flash,both
holton_44,no,DeepSeek-V4-flash,neither
snp_37,no,DeepSeek-V4-flash,gained
snp_12,no,DeepSeek-V4-flash,both
holton_22,no,DeepSeek-V4-flash,neither
holton_52,no,DeepSeek-V4-flash,both
holton_8,no,DeepSeek-V4-flash,both
holton_28,no,DeepSeek-V4-flash,both
holton_50,no,DeepSeek-V4-flash,neither
snp_45,yes,DeepSeek-V4-flash,fragile
snp_19,no,DeepSeek-V4-flash,both
holton_58,no,DeepSeek-V4-flash,both
snp_50,yes,DeepSeek-V4-flash,both
holton_34,no,DeepSeek-V4-flash,both
snp_7,no,DeepSeek-V4-flash,both
holton_5,no,DeepSeek-V4-flash,neither
snp_67,no,DeepSeek-V4-flash,both
snp_4,no,DeepSeek-V4-flash,both
jacob_2.1,no,DeepSeek-V4-flash,both
holton_38,no,DeepSeek-V4-flash,both
snp_15,no,DeepSeek-V4-flash,both
holton_27,no,DeepSeek-V4-flash,fragile
holton_60,no,DeepSeek-V4-flash,neither
holton_62,no,DeepSeek-V4-flash,neither
holton_16,no,DeepSeek-V4-flash,both
snp_72,no,DeepSeek-V4-flash,both
snp_56,no,DeepSeek-V4-flash,both
holton_30,no,DeepSeek-V4-flash,both
snp_5,no,DeepSeek-V4-flash,both
snp_99,no,DeepSeek-V4-flash,both
snp_85,no,DeepSeek-V4-flash,fragile
snp_43,no,DeepSeek-V4-flash,both
snp_68,no,DeepSeek-V4-flash,both
holton_1,no,DeepSeek-V4-flash,both
snp_49,no,DeepSeek-V4-flash,both
snp_8,no,DeepSeek-V4-flash,both
holton_11,no,DeepSeek-V4-flash,neither
holton_19,no,DeepSeek-V4-flash,both
holton_33,yes,DeepSeek-V4-flash,gained
holton_51,no,DeepSeek-V4-flash,both
jacob_13.4,no,DeepSeek-V4-flash,both
snp_22,no,DeepSeek-V4-flash,both
4.4,no,DeepSeek-V4-flash,both
2.2,no,DeepSeek-V4-flash,both
4.8,no,DeepSeek-V4-flash,both
3.11,no,DeepSeek-V4-flash,both
5.11,no,DeepSeek-V4-flash,neither
4.9,no,DeepSeek-V4-flash,both
8.7,no,DeepSeek-V4-flash,both
3.8,no,DeepSeek-V4-flash,neither
5.9,no,DeepSeek-V4-flash,both
air_116,no,DeepSeek-V4-flash,both
air_234,no,DeepSeek-V4-flash,both
jacob_12.1,no,DeepSeek-V4-flash,both
snp_94,no,DeepSeek-V4-flash,neither
snp_30,no,DeepSeek-V4-flash,both
ry_1.3,no,DeepSeek-V4-flash,both
ry_1.6,no,DeepSeek-V4-flash,both
ry_3.5,no,DeepSeek-V4-flash,both
ry_12.5,no,DeepSeek-V4-flash,both
ry_13.7,no,DeepSeek-V4-flash,neither
dn_12.1,no,DeepSeek-V4-flash,both
dn_6.27,no,DeepSeek-V4-flash,both
dn_9.27,no,DeepSeek-V4-flash,both
dn_4.15,no,DeepSeek-V4-flash,both
dn_10.44,no,DeepSeek-V4-flash,fragile
fp_2.4,no,DeepSeek-V4-flash,both
fp_2.1,no,DeepSeek-V4-flash,both
fp_12.2,no,DeepSeek-V4-flash,both
fp_12.1,no,DeepSeek-V4-flash,both
fp_2.5,no,DeepSeek-V4-flash,both
ca_3.9,no,DeepSeek-V4-flash,both
ca_10.5,no,DeepSeek-V4-flash,both
ca_15.7,no,DeepSeek-V4-flash,both
air_121,no,DeepSeek-V4-flash,both
air_226,no,DeepSeek-V4-flash,both
dn_6.31,no,DeepSeek-V4-flash,neither
dn_8.4,no,DeepSeek-V4-flash,both
jacobson_2.1,no,DeepSeek-V4-flash,both
jacobson_2.13,no,DeepSeek-V4-flash,both
jacobson_2.6,no,DeepSeek-V4-flash,both
jacobson_3.5,no,DeepSeek-V4-flash,both
jacobson_4.1,no,DeepSeek-V4-flash,both
jacobson_4.5,no,DeepSeek-V4-flash,both
jacobson_3.6(a),no,DeepSeek-V4-flash,both
jacobson_2.16,no,DeepSeek-V4-flash,neither
jacobson_2.7,no,DeepSeek-V4-flash,both
jacobson_3.6(c),no,DeepSeek-V4-flash,both
jacobson_2.17,no,DeepSeek-V4-flash,both
jacobson_4.8,no,DeepSeek-V4-flash,both
jacobson_2.5,no,DeepSeek-V4-flash,both
jacobson_18.6,no,DeepSeek-V4-flash,both
jacobson_13.2,no,DeepSeek-V4-flash,both
jacobson_38,no,DeepSeek-V4-flash,fragile
jacobson_18.1,no,DeepSeek-V4-flash,both
jacobson_18.8(a),no,DeepSeek-V4-flash,fragile
jacobson_2.19,no,DeepSeek-V4-flash,both
air_102,no,DeepSeek-V4-flash,both
air_107,no,DeepSeek-V4-flash,both
air_0,no,DeepSeek-V4-flash,both
1.2,no,DeepSeek-V4-flash,both
air_110,no,DeepSeek-V4-flash,both
air_111,no,DeepSeek-V4-flash,both
air_120,no,DeepSeek-V4-flash,both
1.1,no,DeepSeek-V4-flash,both
air_125,no,DeepSeek-V4-flash,both
air_132,no,DeepSeek-V4-flash,both
10.3,no,DeepSeek-V4-flash,fragile
air_133,no,DeepSeek-V4-flash,both
air_147,no,DeepSeek-V4-flash,both
air_170,no,DeepSeek-V4-flash,both
air_177,no,DeepSeek-V4-flash,both
air_183,no,DeepSeek-V4-flash,both
air_187,no,DeepSeek-V4-flash,both
air_197,no,DeepSeek-V4-flash,both
air_215,no,DeepSeek-V4-flash,both
air_224,no,DeepSeek-V4-flash,both
air_227,no,DeepSeek-V4-flash,both
air_259,no,DeepSeek-V4-flash,both
air_255,no,DeepSeek-V4-flash,both
air_220,no,DeepSeek-V4-flash,fragile
air_261,no,DeepSeek-V4-flash,both
air_290,no,DeepSeek-V4-flash,both
air_299,yes,DeepSeek-V4-flash,both
air_263,no,DeepSeek-V4-flash,both
air_3,no,DeepSeek-V4-flash,both
air_308,no,DeepSeek-V4-flash,both
air_310,no,DeepSeek-V4-flash,both
air_264,no,DeepSeek-V4-flash,neither
air_304,yes,DeepSeek-V4-flash,both
air_330,no,DeepSeek-V4-flash,both
air_339,no,DeepSeek-V4-flash,both
air_338,no,DeepSeek-V4-flash,both
air_347,no,DeepSeek-V4-flash,both
air_349,no,DeepSeek-V4-flash,both
air_345,no,DeepSeek-V4-flash,both
air_362,no,DeepSeek-V4-flash,both
air_379,no,DeepSeek-V4-flash,both
air_380,yes,DeepSeek-V4-flash,both
air_385,yes,DeepSeek-V4-flash,both
air_395,no,DeepSeek-V4-flash,both
air_59,no,DeepSeek-V4-flash,neither
air_360,no,DeepSeek-V4-flash,both
air_64,no,DeepSeek-V4-flash,both
air_68,no,DeepSeek-V4-flash,fragile
air_99,no,DeepSeek-V4-flash,fragile
dn_10.28,no,DeepSeek-V4-flash,both
air_90,no,DeepSeek-V4-flash,both
holton_40,no,DeepSeek-V4-flash,both
air_392,no,DeepSeek-V4-flash,both
holton_36,no,DeepSeek-V4-flash,fragile
holton_76,no,DeepSeek-V4-flash,both
holton_7,no,DeepSeek-V4-flash,both
jacob_13.2,no,DeepSeek-V4-flash,gained
holton_56,no,DeepSeek-V4-flash,both
p_101,yes,DeepSeek-V4-flash,both
ca_10.7,no,DeepSeek-V4-flash,both
p_103,no,DeepSeek-V4-flash,both
p_106,no,DeepSeek-V4-flash,both
p_113,no,DeepSeek-V4-flash,both
p_110,no,DeepSeek-V4-flash,both
p_114,no,DeepSeek-V4-flash,both
p_115,no,DeepSeek-V4-flash,both
p_22,no,DeepSeek-V4-flash,both
p_12,no,DeepSeek-V4-flash,neither
p_20,no,DeepSeek-V4-flash,both
p_25,no,DeepSeek-V4-flash,both
p_26,no,DeepSeek-V4-flash,both
p_3,no,DeepSeek-V4-flash,both
p_21,no,DeepSeek-V4-flash,both
p_41,no,DeepSeek-V4-flash,both
p_37,no,DeepSeek-V4-flash,both
jacob_4.7,no,DeepSeek-V4-flash,both
p_4,no,DeepSeek-V4-flash,both
p_57,no,DeepSeek-V4-flash,both
p_55,no,DeepSeek-V4-flash,both
p_5,no,DeepSeek-V4-flash,both
p_56,no,DeepSeek-V4-flash,both
p_7,no,DeepSeek-V4-flash,both
p_96,no,DeepSeek-V4-flash,both
p_70,no,DeepSeek-V4-flash,both
p_6,no,DeepSeek-V4-flash,both
turner_1,no,DeepSeek-V4-flash,both
snp_9,no,DeepSeek-V4-flash,both
turner_2,no,DeepSeek-V4-flash,gained
p_73,no,DeepSeek-V4-flash,both
p_102,no,DeepSeek-V4-flash,both
air_89,yes,DeepSeek-V4-flash,both
2.14,no,DeepSeek-V4-flash,neither
holton_2,no,DeepSeek-V4-flash,both
holton_53,no,DeepSeek-V4-flash,both
air_148,no,DeepSeek-V4-flash,fragile
air_137,no,DeepSeek-V4-flash,both
air_143,no,DeepSeek-V4-flash,both
air_165,no,DeepSeek-V4-flash,both
air_229,no,DeepSeek-V4-flash,both
air_206,no,DeepSeek-V4-flash,both
air_231,yes,DeepSeek-V4-flash,both
air_306,no,DeepSeek-V4-flash,both
air_105,no,DeepSeek-V4-flash,both
air_322,no,DeepSeek-V4-flash,both
air_351,no,DeepSeek-V4-flash,both
air_334,no,DeepSeek-V4-flash,both
air_342,no,DeepSeek-V4-flash,both
air_408,no,DeepSeek-V4-flash,both
dn_13.4,no,DeepSeek-V4-flash,both
dn_15.18,no,DeepSeek-V4-flash,both
air_361,no,DeepSeek-V4-flash,both
air_269,no,DeepSeek-V4-flash,both
fp_11.2,no,DeepSeek-V4-flash,both
holton_10,no,DeepSeek-V4-flash,gained
holton_13,no,DeepSeek-V4-flash,both
jacob_4.8,yes,DeepSeek-V4-flash,both
jacobson_2.14,no,DeepSeek-V4-flash,both
p_124,no,DeepSeek-V4-flash,both
p_93,no,DeepSeek-V4-flash,both
jacobson_4.6,no,DeepSeek-V4-flash,neither
jacobson_5.2,no,DeepSeek-V4-flash,both
air_108,no,DeepSeek-V4-flash,neither
air_126,no,DeepSeek-V4-flash,both
air_238,no,DeepSeek-V4-flash,both
snp_64,no,DeepSeek-V4-flash,both
dn_14.10,no,DeepSeek-V4-flash,both
jacobson_14.1,no,DeepSeek-V4-flash,fragile
11.1,no,DeepSeek-V4-pro (reasoning),both
4.3,no,DeepSeek-V4-pro (reasoning),both
6.1.4,no,DeepSeek-V4-pro (reasoning),both
7.4,no,DeepSeek-V4-pro (reasoning),both
air_63,no,DeepSeek-V4-pro (reasoning),both
air_71,no,DeepSeek-V4-pro (reasoning),both
air_72,no,DeepSeek-V4-pro (reasoning),both
air_88,no,DeepSeek-V4-pro (reasoning),both
air_91,no,DeepSeek-V4-pro (reasoning),both
air_92,no,DeepSeek-V4-pro (reasoning),both
air_98,no,DeepSeek-V4-pro (reasoning),both
air_103,no,DeepSeek-V4-pro (reasoning),both
air_106,no,DeepSeek-V4-pro (reasoning),both
air_104,no,DeepSeek-V4-pro (reasoning),both
air_123,no,DeepSeek-V4-pro (reasoning),both
air_119,no,DeepSeek-V4-pro (reasoning),both
air_122,no,DeepSeek-V4-pro (reasoning),both
air_124,no,DeepSeek-V4-pro (reasoning),both
air_130,no,DeepSeek-V4-pro (reasoning),both
air_138,no,DeepSeek-V4-pro (reasoning),both
air_139,no,DeepSeek-V4-pro (reasoning),both
air_145,no,DeepSeek-V4-pro (reasoning),both
air_146,no,DeepSeek-V4-pro (reasoning),both
air_149,no,DeepSeek-V4-pro (reasoning),both
air_154,no,DeepSeek-V4-pro (reasoning),both
air_159,no,DeepSeek-V4-pro (reasoning),both
air_167,no,DeepSeek-V4-pro (reasoning),neither
air_168,no,DeepSeek-V4-pro (reasoning),both
air_172,no,DeepSeek-V4-pro (reasoning),both
air_173,no,DeepSeek-V4-pro (reasoning),both
air_178,no,DeepSeek-V4-pro (reasoning),both
air_182,no,DeepSeek-V4-pro (reasoning),both
air_198,no,DeepSeek-V4-pro (reasoning),both
air_201,no,DeepSeek-V4-pro (reasoning),gained
air_203,no,DeepSeek-V4-pro (reasoning),both
air_205,no,DeepSeek-V4-pro (reasoning),both
air_212,no,DeepSeek-V4-pro (reasoning),both
air_213,no,DeepSeek-V4-pro (reasoning),both
air_214,no,DeepSeek-V4-pro (reasoning),both
air_228,no,DeepSeek-V4-pro (reasoning),both
air_235,no,DeepSeek-V4-pro (reasoning),both
air_236,no,DeepSeek-V4-pro (reasoning),both
air_239,no,DeepSeek-V4-pro (reasoning),both
air_246,no,DeepSeek-V4-pro (reasoning),both
air_248,no,DeepSeek-V4-pro (reasoning),neither
air_243,no,DeepSeek-V4-pro (reasoning),both
air_251,no,DeepSeek-V4-pro (reasoning),both
air_250,no,DeepSeek-V4-pro (reasoning),both
air_252,no,DeepSeek-V4-pro (reasoning),both
air_256,no,DeepSeek-V4-pro (reasoning),both
air_273,no,DeepSeek-V4-pro (reasoning),both
air_282,no,DeepSeek-V4-pro (reasoning),both
air_284,no,DeepSeek-V4-pro (reasoning),both
air_285,no,DeepSeek-V4-pro (reasoning),both
air_289,no,DeepSeek-V4-pro (reasoning),both
air_292,no,DeepSeek-V4-pro (reasoning),both
air_296,no,DeepSeek-V4-pro (reasoning),both
air_300,no,DeepSeek-V4-pro (reasoning),both
air_301,no,DeepSeek-V4-pro (reasoning),both
air_305,no,DeepSeek-V4-pro (reasoning),both
air_315,no,DeepSeek-V4-pro (reasoning),both
air_314,no,DeepSeek-V4-pro (reasoning),both
air_318,no,DeepSeek-V4-pro (reasoning),both
air_320,no,DeepSeek-V4-pro (reasoning),both
air_321,no,DeepSeek-V4-pro (reasoning),both
air_323,no,DeepSeek-V4-pro (reasoning),both
air_326,no,DeepSeek-V4-pro (reasoning),both
air_328,no,DeepSeek-V4-pro (reasoning),both
air_335,no,DeepSeek-V4-pro (reasoning),both
air_346,no,DeepSeek-V4-pro (reasoning),neither
air_355,no,DeepSeek-V4-pro (reasoning),both
air_368,no,DeepSeek-V4-pro (reasoning),both
air_371,no,DeepSeek-V4-pro (reasoning),both
air_363,no,DeepSeek-V4-pro (reasoning),both
air_369,no,DeepSeek-V4-pro (reasoning),neither
air_382,no,DeepSeek-V4-pro (reasoning),both
air_405,no,DeepSeek-V4-pro (reasoning),both
p_0,no,DeepSeek-V4-pro (reasoning),both
p_10,no,DeepSeek-V4-pro (reasoning),both
p_11,no,DeepSeek-V4-pro (reasoning),both
2.4,no,DeepSeek-V4-pro (reasoning),both
2.3,no,DeepSeek-V4-pro (reasoning),both
2.7,no,DeepSeek-V4-pro (reasoning),both
2.13,no,DeepSeek-V4-pro (reasoning),both
2.15,no,DeepSeek-V4-pro (reasoning),both
5.2,no,DeepSeek-V4-pro (reasoning),both
5.7,no,DeepSeek-V4-pro (reasoning),both
6.1,no,DeepSeek-V4-pro (reasoning),both
6.2,no,DeepSeek-V4-pro (reasoning),both
p_2,no,DeepSeek-V4-pro (reasoning),both
7.1,no,DeepSeek-V4-pro (reasoning),both
5.10,no,DeepSeek-V4-pro (reasoning),both
p_16,no,DeepSeek-V4-pro (reasoning),both
p_23,no,DeepSeek-V4-pro (reasoning),both
p_35,no,DeepSeek-V4-pro (reasoning),both
p_38,no,DeepSeek-V4-pro (reasoning),both
p_40,no,DeepSeek-V4-pro (reasoning),both
p_51,no,DeepSeek-V4-pro (reasoning),both
p_52,no,DeepSeek-V4-pro (reasoning),both
p_54,no,DeepSeek-V4-pro (reasoning),both
p_61,no,DeepSeek-V4-pro (reasoning),both
p_63,no,DeepSeek-V4-pro (reasoning),both
p_71,no,DeepSeek-V4-pro (reasoning),both
p_72,no,DeepSeek-V4-pro (reasoning),both
p_83,no,DeepSeek-V4-pro (reasoning),both
p_84,no,DeepSeek-V4-pro (reasoning),both
p_85,no,DeepSeek-V4-pro (reasoning),both
p_95,no,DeepSeek-V4-pro (reasoning),both
p_99,no,DeepSeek-V4-pro (reasoning),both
p_104,no,DeepSeek-V4-pro (reasoning),both
p_107,no,DeepSeek-V4-pro (reasoning),both
p_109,no,DeepSeek-V4-pro (reasoning),both
p_108,no,DeepSeek-V4-pro (reasoning),both
p_111,no,DeepSeek-V4-pro (reasoning),both
p_112,no,DeepSeek-V4-pro (reasoning),both
p_123,no,DeepSeek-V4-pro (reasoning),both
p_127,no,DeepSeek-V4-pro (reasoning),both
3.2,no,DeepSeek-V4-pro (reasoning),both
6.9,yes,DeepSeek-V4-pro (reasoning),neither
air_174,no,DeepSeek-V4-pro (reasoning),both
turner_3,no,DeepSeek-V4-pro (reasoning),both
turner_23,no,DeepSeek-V4-pro (reasoning),both
snp_6,no,DeepSeek-V4-pro (reasoning),both
holton_44,no,DeepSeek-V4-pro (reasoning),both
snp_37,no,DeepSeek-V4-pro (reasoning),both
snp_12,no,DeepSeek-V4-pro (reasoning),both
holton_22,no,DeepSeek-V4-pro (reasoning),both
holton_52,no,DeepSeek-V4-pro (reasoning),both
holton_8,no,DeepSeek-V4-pro (reasoning),both
holton_28,no,DeepSeek-V4-pro (reasoning),both
holton_50,no,DeepSeek-V4-pro (reasoning),both
snp_45,yes,DeepSeek-V4-pro (reasoning),neither
snp_19,no,DeepSeek-V4-pro (reasoning),both
holton_58,no,DeepSeek-V4-pro (reasoning),both
snp_50,yes,DeepSeek-V4-pro (reasoning),both
holton_34,no,DeepSeek-V4-pro (reasoning),both
snp_7,no,DeepSeek-V4-pro (reasoning),both
holton_5,no,DeepSeek-V4-pro (reasoning),both
snp_67,no,DeepSeek-V4-pro (reasoning),both
snp_4,no,DeepSeek-V4-pro (reasoning),both
jacob_2.1,no,DeepSeek-V4-pro (reasoning),both
holton_38,no,DeepSeek-V4-pro (reasoning),both
snp_15,no,DeepSeek-V4-pro (reasoning),both
holton_27,no,DeepSeek-V4-pro (reasoning),both
holton_60,no,DeepSeek-V4-pro (reasoning),both
holton_62,no,DeepSeek-V4-pro (reasoning),both
holton_16,no,DeepSeek-V4-pro (reasoning),both
snp_72,no,DeepSeek-V4-pro (reasoning),both
snp_56,no,DeepSeek-V4-pro (reasoning),both
holton_30,no,DeepSeek-V4-pro (reasoning),both
snp_5,no,DeepSeek-V4-pro (reasoning),both
snp_99,no,DeepSeek-V4-pro (reasoning),both
snp_85,no,DeepSeek-V4-pro (reasoning),both
snp_43,no,DeepSeek-V4-pro (reasoning),both
snp_68,no,DeepSeek-V4-pro (reasoning),both
holton_1,no,DeepSeek-V4-pro (reasoning),both
snp_49,no,DeepSeek-V4-pro (reasoning),both
snp_8,no,DeepSeek-V4-pro (reasoning),both
holton_11,no,DeepSeek-V4-pro (reasoning),neither
holton_19,no,DeepSeek-V4-pro (reasoning),both
holton_33,yes,DeepSeek-V4-pro (reasoning),both
holton_51,no,DeepSeek-V4-pro (reasoning),both
jacob_13.4,no,DeepSeek-V4-pro (reasoning),both
snp_22,no,DeepSeek-V4-pro (reasoning),both
4.4,no,DeepSeek-V4-pro (reasoning),both
2.2,no,DeepSeek-V4-pro (reasoning),both
4.8,no,DeepSeek-V4-pro (reasoning),both
3.11,no,DeepSeek-V4-pro (reasoning),both
5.11,no,DeepSeek-V4-pro (reasoning),both
4.9,no,DeepSeek-V4-pro (reasoning),both
8.7,no,DeepSeek-V4-pro (reasoning),both
3.8,no,DeepSeek-V4-pro (reasoning),both
5.9,no,DeepSeek-V4-pro (reasoning),both
air_116,no,DeepSeek-V4-pro (reasoning),both
air_234,no,DeepSeek-V4-pro (reasoning),both
jacob_12.1,no,DeepSeek-V4-pro (reasoning),both
snp_94,no,DeepSeek-V4-pro (reasoning),both
snp_30,no,DeepSeek-V4-pro (reasoning),both
ry_1.3,no,DeepSeek-V4-pro (reasoning),both
ry_1.6,no,DeepSeek-V4-pro (reasoning),both
ry_3.5,no,DeepSeek-V4-pro (reasoning),both
ry_12.5,no,DeepSeek-V4-pro (reasoning),both
ry_13.7,no,DeepSeek-V4-pro (reasoning),both
dn_12.1,no,DeepSeek-V4-pro (reasoning),both
dn_6.27,no,DeepSeek-V4-pro (reasoning),both
dn_9.27,no,DeepSeek-V4-pro (reasoning),both
dn_4.15,no,DeepSeek-V4-pro (reasoning),both
dn_10.44,no,DeepSeek-V4-pro (reasoning),both
fp_2.4,no,DeepSeek-V4-pro (reasoning),both
fp_2.1,no,DeepSeek-V4-pro (reasoning),both
fp_12.2,no,DeepSeek-V4-pro (reasoning),both
fp_12.1,no,DeepSeek-V4-pro (reasoning),both
fp_2.5,no,DeepSeek-V4-pro (reasoning),both
ca_3.9,no,DeepSeek-V4-pro (reasoning),both
ca_10.5,no,DeepSeek-V4-pro (reasoning),both
ca_15.7,no,DeepSeek-V4-pro (reasoning),both
air_121,no,DeepSeek-V4-pro (reasoning),both
air_226,no,DeepSeek-V4-pro (reasoning),both
dn_6.31,no,DeepSeek-V4-pro (reasoning),neither
dn_8.4,no,DeepSeek-V4-pro (reasoning),both
jacobson_2.1,no,DeepSeek-V4-pro (reasoning),both
jacobson_2.13,no,DeepSeek-V4-pro (reasoning),both
jacobson_2.6,no,DeepSeek-V4-pro (reasoning),both
jacobson_3.5,no,DeepSeek-V4-pro (reasoning),both
jacobson_4.1,no,DeepSeek-V4-pro (reasoning),both
jacobson_4.5,no,DeepSeek-V4-pro (reasoning),both
jacobson_3.6(a),no,DeepSeek-V4-pro (reasoning),both
jacobson_2.16,no,DeepSeek-V4-pro (reasoning),both
jacobson_2.7,no,DeepSeek-V4-pro (reasoning),both
jacobson_3.6(c),no,DeepSeek-V4-pro (reasoning),both
jacobson_2.17,no,DeepSeek-V4-pro (reasoning),both
jacobson_4.8,no,DeepSeek-V4-pro (reasoning),both
jacobson_2.5,no,DeepSeek-V4-pro (reasoning),both
jacobson_18.6,no,DeepSeek-V4-pro (reasoning),both
jacobson_13.2,no,DeepSeek-V4-pro (reasoning),both
jacobson_38,no,DeepSeek-V4-pro (reasoning),both
jacobson_18.1,no,DeepSeek-V4-pro (reasoning),both
jacobson_18.8(a),no,DeepSeek-V4-pro (reasoning),both
jacobson_2.19,no,DeepSeek-V4-pro (reasoning),both
air_102,no,DeepSeek-V4-pro (reasoning),both
air_107,no,DeepSeek-V4-pro (reasoning),both
air_0,no,DeepSeek-V4-pro (reasoning),both
1.2,no,DeepSeek-V4-pro (reasoning),both
air_110,no,DeepSeek-V4-pro (reasoning),both
air_111,no,DeepSeek-V4-pro (reasoning),both
air_120,no,DeepSeek-V4-pro (reasoning),both
1.1,no,DeepSeek-V4-pro (reasoning),both
air_125,no,DeepSeek-V4-pro (reasoning),both
air_132,no,DeepSeek-V4-pro (reasoning),both
10.3,no,DeepSeek-V4-pro (reasoning),both
air_133,no,DeepSeek-V4-pro (reasoning),both
air_147,no,DeepSeek-V4-pro (reasoning),both
air_170,no,DeepSeek-V4-pro (reasoning),both
air_177,no,DeepSeek-V4-pro (reasoning),both
air_183,no,DeepSeek-V4-pro (reasoning),both
air_187,no,DeepSeek-V4-pro (reasoning),both
air_197,no,DeepSeek-V4-pro (reasoning),both
air_215,no,DeepSeek-V4-pro (reasoning),both
air_224,no,DeepSeek-V4-pro (reasoning),both
air_227,no,DeepSeek-V4-pro (reasoning),both
air_259,no,DeepSeek-V4-pro (reasoning),both
air_255,no,DeepSeek-V4-pro (reasoning),both
air_220,no,DeepSeek-V4-pro (reasoning),both
air_261,no,DeepSeek-V4-pro (reasoning),both
air_290,no,DeepSeek-V4-pro (reasoning),both
air_299,yes,DeepSeek-V4-pro (reasoning),both
air_263,no,DeepSeek-V4-pro (reasoning),both
air_3,no,DeepSeek-V4-pro (reasoning),both
air_308,no,DeepSeek-V4-pro (reasoning),both
air_310,no,DeepSeek-V4-pro (reasoning),both
air_264,no,DeepSeek-V4-pro (reasoning),both
air_304,yes,DeepSeek-V4-pro (reasoning),both
air_330,no,DeepSeek-V4-pro (reasoning),both
air_339,no,DeepSeek-V4-pro (reasoning),both
air_338,no,DeepSeek-V4-pro (reasoning),both
air_347,no,DeepSeek-V4-pro (reasoning),both
air_349,no,DeepSeek-V4-pro (reasoning),both
air_345,no,DeepSeek-V4-pro (reasoning),both
air_362,no,DeepSeek-V4-pro (reasoning),both
air_379,no,DeepSeek-V4-pro (reasoning),both
air_380,yes,DeepSeek-V4-pro (reasoning),both
air_385,yes,DeepSeek-V4-pro (reasoning),both
air_395,no,DeepSeek-V4-pro (reasoning),both
air_59,no,DeepSeek-V4-pro (reasoning),both
air_360,no,DeepSeek-V4-pro (reasoning),both
air_64,no,DeepSeek-V4-pro (reasoning),both
air_68,no,DeepSeek-V4-pro (reasoning),both
air_99,no,DeepSeek-V4-pro (reasoning),both
dn_10.28,no,DeepSeek-V4-pro (reasoning),both
air_90,no,DeepSeek-V4-pro (reasoning),both
holton_40,no,DeepSeek-V4-pro (reasoning),both
air_392,no,DeepSeek-V4-pro (reasoning),both
holton_36,no,DeepSeek-V4-pro (reasoning),both
holton_76,no,DeepSeek-V4-pro (reasoning),both
holton_7,no,DeepSeek-V4-pro (reasoning),both
jacob_13.2,no,DeepSeek-V4-pro (reasoning),gained
holton_56,no,DeepSeek-V4-pro (reasoning),both
p_101,yes,DeepSeek-V4-pro (reasoning),both
ca_10.7,no,DeepSeek-V4-pro (reasoning),both
p_103,no,DeepSeek-V4-pro (reasoning),both
p_106,no,DeepSeek-V4-pro (reasoning),both
p_113,no,DeepSeek-V4-pro (reasoning),both
p_110,no,DeepSeek-V4-pro (reasoning),both
p_114,no,DeepSeek-V4-pro (reasoning),both
p_115,no,DeepSeek-V4-pro (reasoning),both
p_22,no,DeepSeek-V4-pro (reasoning),both
p_12,no,DeepSeek-V4-pro (reasoning),both
p_20,no,DeepSeek-V4-pro (reasoning),both
p_25,no,DeepSeek-V4-pro (reasoning),both
p_26,no,DeepSeek-V4-pro (reasoning),both
p_3,no,DeepSeek-V4-pro (reasoning),both
p_21,no,DeepSeek-V4-pro (reasoning),both
p_41,no,DeepSeek-V4-pro (reasoning),both
p_37,no,DeepSeek-V4-pro (reasoning),both
jacob_4.7,no,DeepSeek-V4-pro (reasoning),both
p_4,no,DeepSeek-V4-pro (reasoning),both
p_57,no,DeepSeek-V4-pro (reasoning),both
p_55,no,DeepSeek-V4-pro (reasoning),both
p_5,no,DeepSeek-V4-pro (reasoning),both
p_56,no,DeepSeek-V4-pro (reasoning),both
p_7,no,DeepSeek-V4-pro (reasoning),both
p_96,no,DeepSeek-V4-pro (reasoning),both
p_70,no,DeepSeek-V4-pro (reasoning),both
p_6,no,DeepSeek-V4-pro (reasoning),both
turner_1,no,DeepSeek-V4-pro (reasoning),both
snp_9,no,DeepSeek-V4-pro (reasoning),both
turner_2,no,DeepSeek-V4-pro (reasoning),gained
p_73,no,DeepSeek-V4-pro (reasoning),both
p_102,no,DeepSeek-V4-pro (reasoning),both
air_89,yes,DeepSeek-V4-pro (reasoning),both
2.14,no,DeepSeek-V4-pro (reasoning),both
holton_2,no,DeepSeek-V4-pro (reasoning),both
holton_53,no,DeepSeek-V4-pro (reasoning),both
air_148,no,DeepSeek-V4-pro (reasoning),both
air_137,no,DeepSeek-V4-pro (reasoning),both
air_143,no,DeepSeek-V4-pro (reasoning),both
air_165,no,DeepSeek-V4-pro (reasoning),both
air_229,no,DeepSeek-V4-pro (reasoning),both
air_206,no,DeepSeek-V4-pro (reasoning),both
air_231,yes,DeepSeek-V4-pro (reasoning),both
air_306,no,DeepSeek-V4-pro (reasoning),both
air_105,no,DeepSeek-V4-pro (reasoning),both
air_322,no,DeepSeek-V4-pro (reasoning),both
air_351,no,DeepSeek-V4-pro (reasoning),both
air_334,no,DeepSeek-V4-pro (reasoning),both
air_342,no,DeepSeek-V4-pro (reasoning),both
air_408,no,DeepSeek-V4-pro (reasoning),both
dn_13.4,no,DeepSeek-V4-pro (reasoning),both
dn_15.18,no,DeepSeek-V4-pro (reasoning),both
air_361,no,DeepSeek-V4-pro (reasoning),both
air_269,no,DeepSeek-V4-pro (reasoning),both
fp_11.2,no,DeepSeek-V4-pro (reasoning),both
holton_10,no,DeepSeek-V4-pro (reasoning),both
holton_13,no,DeepSeek-V4-pro (reasoning),both
jacob_4.8,yes,DeepSeek-V4-pro (reasoning),both
jacobson_2.14,no,DeepSeek-V4-pro (reasoning),both
p_124,no,DeepSeek-V4-pro (reasoning),both
p_93,no,DeepSeek-V4-pro (reasoning),both
jacobson_4.6,no,DeepSeek-V4-pro (reasoning),both
jacobson_5.2,no,DeepSeek-V4-pro (reasoning),both
air_108,no,DeepSeek-V4-pro (reasoning),both
air_126,no,DeepSeek-V4-pro (reasoning),both
air_238,no,DeepSeek-V4-pro (reasoning),both
snp_64,no,DeepSeek-V4-pro (reasoning),both
dn_14.10,no,DeepSeek-V4-pro (reasoning),both
jacobson_14.1,no,DeepSeek-V4-pro (reasoning),both
11.1,no,DeepSeek-V4-pro,both
4.3,no,DeepSeek-V4-pro,neither
6.1.4,no,DeepSeek-V4-pro,both
7.4,no,DeepSeek-V4-pro,both
air_63,no,DeepSeek-V4-pro,both
air_71,no,DeepSeek-V4-pro,both
air_72,no,DeepSeek-V4-pro,both
air_88,no,DeepSeek-V4-pro,both
air_91,no,DeepSeek-V4-pro,both
air_92,no,DeepSeek-V4-pro,both
air_98,no,DeepSeek-V4-pro,both
air_103,no,DeepSeek-V4-pro,both
air_106,no,DeepSeek-V4-pro,both
air_104,no,DeepSeek-V4-pro,both
air_123,no,DeepSeek-V4-pro,both
air_119,no,DeepSeek-V4-pro,both
air_122,no,DeepSeek-V4-pro,both
air_124,no,DeepSeek-V4-pro,both
air_130,no,DeepSeek-V4-pro,both
air_138,no,DeepSeek-V4-pro,both
air_139,no,DeepSeek-V4-pro,both
air_145,no,DeepSeek-V4-pro,both
air_146,no,DeepSeek-V4-pro,both
air_149,no,DeepSeek-V4-pro,both
air_154,no,DeepSeek-V4-pro,neither
air_159,no,DeepSeek-V4-pro,both
air_167,no,DeepSeek-V4-pro,neither
air_168,no,DeepSeek-V4-pro,both
air_172,no,DeepSeek-V4-pro,both
air_173,no,DeepSeek-V4-pro,both
air_178,no,DeepSeek-V4-pro,both
air_182,no,DeepSeek-V4-pro,both
air_198,no,DeepSeek-V4-pro,both
air_201,no,DeepSeek-V4-pro,both
air_203,no,DeepSeek-V4-pro,both
air_205,no,DeepSeek-V4-pro,both
air_212,no,DeepSeek-V4-pro,both
air_213,no,DeepSeek-V4-pro,both
air_214,no,DeepSeek-V4-pro,both
air_228,no,DeepSeek-V4-pro,neither
air_235,no,DeepSeek-V4-pro,both
air_236,no,DeepSeek-V4-pro,both
air_239,no,DeepSeek-V4-pro,both
air_246,no,DeepSeek-V4-pro,neither
air_248,no,DeepSeek-V4-pro,neither
air_243,no,DeepSeek-V4-pro,both
air_251,no,DeepSeek-V4-pro,both
air_250,no,DeepSeek-V4-pro,both
air_252,no,DeepSeek-V4-pro,both
air_256,no,DeepSeek-V4-pro,both
air_273,no,DeepSeek-V4-pro,both
air_282,no,DeepSeek-V4-pro,both
air_284,no,DeepSeek-V4-pro,both
air_285,no,DeepSeek-V4-pro,both
air_289,no,DeepSeek-V4-pro,neither
air_292,no,DeepSeek-V4-pro,both
air_296,no,DeepSeek-V4-pro,both
air_300,no,DeepSeek-V4-pro,both
air_301,no,DeepSeek-V4-pro,both
air_305,no,DeepSeek-V4-pro,both
air_315,no,DeepSeek-V4-pro,both
air_314,no,DeepSeek-V4-pro,fragile
air_318,no,DeepSeek-V4-pro,both
air_320,no,DeepSeek-V4-pro,both
air_321,no,DeepSeek-V4-pro,both
air_323,no,DeepSeek-V4-pro,both
air_326,no,DeepSeek-V4-pro,both
air_328,no,DeepSeek-V4-pro,both
air_335,no,DeepSeek-V4-pro,both
air_346,no,DeepSeek-V4-pro,gained
air_355,no,DeepSeek-V4-pro,both
air_368,no,DeepSeek-V4-pro,both
air_371,no,DeepSeek-V4-pro,both
air_363,no,DeepSeek-V4-pro,both
air_369,no,DeepSeek-V4-pro,neither
air_382,no,DeepSeek-V4-pro,both
air_405,no,DeepSeek-V4-pro,both
p_0,no,DeepSeek-V4-pro,both
p_10,no,DeepSeek-V4-pro,neither
p_11,no,DeepSeek-V4-pro,both
2.4,no,DeepSeek-V4-pro,both
2.3,no,DeepSeek-V4-pro,both
2.7,no,DeepSeek-V4-pro,neither
2.13,no,DeepSeek-V4-pro,gained
2.15,no,DeepSeek-V4-pro,both
5.2,no,DeepSeek-V4-pro,both
5.7,no,DeepSeek-V4-pro,both
6.1,no,DeepSeek-V4-pro,both
6.2,no,DeepSeek-V4-pro,both
p_2,no,DeepSeek-V4-pro,both
7.1,no,DeepSeek-V4-pro,both
5.10,no,DeepSeek-V4-pro,both
p_16,no,DeepSeek-V4-pro,both
p_23,no,DeepSeek-V4-pro,both
p_35,no,DeepSeek-V4-pro,both
p_38,no,DeepSeek-V4-pro,both
p_40,no,DeepSeek-V4-pro,both
p_51,no,DeepSeek-V4-pro,both
p_52,no,DeepSeek-V4-pro,both
p_54,no,DeepSeek-V4-pro,both
p_61,no,DeepSeek-V4-pro,both
p_63,no,DeepSeek-V4-pro,both
p_71,no,DeepSeek-V4-pro,both
p_72,no,DeepSeek-V4-pro,both
p_83,no,DeepSeek-V4-pro,both
p_84,no,DeepSeek-V4-pro,gained
p_85,no,DeepSeek-V4-pro,both
p_95,no,DeepSeek-V4-pro,both
p_99,no,DeepSeek-V4-pro,both
p_104,no,DeepSeek-V4-pro,both
p_107,no,DeepSeek-V4-pro,both
p_109,no,DeepSeek-V4-pro,both
p_108,no,DeepSeek-V4-pro,both
p_111,no,DeepSeek-V4-pro,both
p_112,no,DeepSeek-V4-pro,both
p_123,no,DeepSeek-V4-pro,both
p_127,no,DeepSeek-V4-pro,both
3.2,no,DeepSeek-V4-pro,both
6.9,yes,DeepSeek-V4-pro,neither
air_174,no,DeepSeek-V4-pro,both
turner_3,no,DeepSeek-V4-pro,both
turner_23,no,DeepSeek-V4-pro,both
snp_6,no,DeepSeek-V4-pro,both
holton_44,no,DeepSeek-V4-pro,neither
snp_37,no,DeepSeek-V4-pro,both
snp_12,no,DeepSeek-V4-pro,both
holton_22,no,DeepSeek-V4-pro,neither
holton_52,no,DeepSeek-V4-pro,both
holton_8,no,DeepSeek-V4-pro,both
holton_28,no,DeepSeek-V4-pro,both
holton_50,no,DeepSeek-V4-pro,neither
snp_45,yes,DeepSeek-V4-pro,both
snp_19,no,DeepSeek-V4-pro,both
holton_58,no,DeepSeek-V4-pro,both
snp_50,yes,DeepSeek-V4-pro,both
holton_34,no,DeepSeek-V4-pro,both
snp_7,no,DeepSeek-V4-pro,both
holton_5,no,DeepSeek-V4-pro,gained
snp_67,no,DeepSeek-V4-pro,both
snp_4,no,DeepSeek-V4-pro,both
jacob_2.1,no,DeepSeek-V4-pro,both
holton_38,no,DeepSeek-V4-pro,both
snp_15,no,DeepSeek-V4-pro,both
holton_27,no,DeepSeek-V4-pro,both
holton_60,no,DeepSeek-V4-pro,gained
holton_62,no,DeepSeek-V4-pro,neither
holton_16,no,DeepSeek-V4-pro,fragile
snp_72,no,DeepSeek-V4-pro,both
snp_56,no,DeepSeek-V4-pro,both
holton_30,no,DeepSeek-V4-pro,both
snp_5,no,DeepSeek-V4-pro,both
snp_99,no,DeepSeek-V4-pro,both
snp_85,no,DeepSeek-V4-pro,neither
snp_43,no,DeepSeek-V4-pro,both
snp_68,no,DeepSeek-V4-pro,both
holton_1,no,DeepSeek-V4-pro,both
snp_49,no,DeepSeek-V4-pro,both
snp_8,no,DeepSeek-V4-pro,both
holton_11,no,DeepSeek-V4-pro,both
holton_19,no,DeepSeek-V4-pro,both
holton_33,yes,DeepSeek-V4-pro,both
holton_51,no,DeepSeek-V4-pro,both
jacob_13.4,no,DeepSeek-V4-pro,both
snp_22,no,DeepSeek-V4-pro,gained
4.4,no,DeepSeek-V4-pro,both
2.2,no,DeepSeek-V4-pro,both
4.8,no,DeepSeek-V4-pro,both
3.11,no,DeepSeek-V4-pro,neither
5.11,no,DeepSeek-V4-pro,fragile
4.9,no,DeepSeek-V4-pro,both
8.7,no,DeepSeek-V4-pro,gained
3.8,no,DeepSeek-V4-pro,neither
5.9,no,DeepSeek-V4-pro,both
air_116,no,DeepSeek-V4-pro,both
air_234,no,DeepSeek-V4-pro,both
jacob_12.1,no,DeepSeek-V4-pro,both
snp_94,no,DeepSeek-V4-pro,gained
snp_30,no,DeepSeek-V4-pro,both
ry_1.3,no,DeepSeek-V4-pro,both
ry_1.6,no,DeepSeek-V4-pro,both
ry_3.5,no,DeepSeek-V4-pro,both
ry_12.5,no,DeepSeek-V4-pro,neither
ry_13.7,no,DeepSeek-V4-pro,both
dn_12.1,no,DeepSeek-V4-pro,both
dn_6.27,no,DeepSeek-V4-pro,both
dn_9.27,no,DeepSeek-V4-pro,both
dn_4.15,no,DeepSeek-V4-pro,both
dn_10.44,no,DeepSeek-V4-pro,neither
fp_2.4,no,DeepSeek-V4-pro,both
fp_2.1,no,DeepSeek-V4-pro,both
fp_12.2,no,DeepSeek-V4-pro,both
fp_12.1,no,DeepSeek-V4-pro,both
fp_2.5,no,DeepSeek-V4-pro,both
ca_3.9,no,DeepSeek-V4-pro,both
ca_10.5,no,DeepSeek-V4-pro,both
ca_15.7,no,DeepSeek-V4-pro,both
air_121,no,DeepSeek-V4-pro,both
air_226,no,DeepSeek-V4-pro,both
dn_6.31,no,DeepSeek-V4-pro,neither
dn_8.4,no,DeepSeek-V4-pro,both
jacobson_2.1,no,DeepSeek-V4-pro,both
jacobson_2.13,no,DeepSeek-V4-pro,both
jacobson_2.6,no,DeepSeek-V4-pro,both
jacobson_3.5,no,DeepSeek-V4-pro,both
jacobson_4.1,no,DeepSeek-V4-pro,both
jacobson_4.5,no,DeepSeek-V4-pro,both
jacobson_3.6(a),no,DeepSeek-V4-pro,both
jacobson_2.16,no,DeepSeek-V4-pro,both
jacobson_2.7,no,DeepSeek-V4-pro,both
jacobson_3.6(c),no,DeepSeek-V4-pro,both
jacobson_2.17,no,DeepSeek-V4-pro,both
jacobson_4.8,no,DeepSeek-V4-pro,both
jacobson_2.5,no,DeepSeek-V4-pro,both
jacobson_18.6,no,DeepSeek-V4-pro,both
jacobson_13.2,no,DeepSeek-V4-pro,both
jacobson_38,no,DeepSeek-V4-pro,fragile
jacobson_18.1,no,DeepSeek-V4-pro,both
jacobson_18.8(a),no,DeepSeek-V4-pro,neither
jacobson_2.19,no,DeepSeek-V4-pro,both
air_102,no,DeepSeek-V4-pro,both
air_107,no,DeepSeek-V4-pro,both
air_0,no,DeepSeek-V4-pro,both
1.2,no,DeepSeek-V4-pro,both
air_110,no,DeepSeek-V4-pro,both
air_111,no,DeepSeek-V4-pro,both
air_120,no,DeepSeek-V4-pro,both
1.1,no,DeepSeek-V4-pro,both
air_125,no,DeepSeek-V4-pro,both
air_132,no,DeepSeek-V4-pro,both
10.3,no,DeepSeek-V4-pro,both
air_133,no,DeepSeek-V4-pro,both
air_147,no,DeepSeek-V4-pro,both
air_170,no,DeepSeek-V4-pro,both
air_177,no,DeepSeek-V4-pro,both
air_183,no,DeepSeek-V4-pro,both
air_187,no,DeepSeek-V4-pro,both
air_197,no,DeepSeek-V4-pro,both
air_215,no,DeepSeek-V4-pro,both
air_224,no,DeepSeek-V4-pro,both
air_227,no,DeepSeek-V4-pro,both
air_259,no,DeepSeek-V4-pro,both
air_255,no,DeepSeek-V4-pro,both
air_220,no,DeepSeek-V4-pro,both
air_261,no,DeepSeek-V4-pro,both
air_290,no,DeepSeek-V4-pro,both
air_299,yes,DeepSeek-V4-pro,both
air_263,no,DeepSeek-V4-pro,both
air_3,no,DeepSeek-V4-pro,neither
air_308,no,DeepSeek-V4-pro,both
air_310,no,DeepSeek-V4-pro,both
air_264,no,DeepSeek-V4-pro,both
air_304,yes,DeepSeek-V4-pro,both
air_330,no,DeepSeek-V4-pro,both
air_339,no,DeepSeek-V4-pro,both
air_338,no,DeepSeek-V4-pro,both
air_347,no,DeepSeek-V4-pro,both
air_349,no,DeepSeek-V4-pro,both
air_345,no,DeepSeek-V4-pro,both
air_362,no,DeepSeek-V4-pro,both
air_379,no,DeepSeek-V4-pro,both
air_380,yes,DeepSeek-V4-pro,both
air_385,yes,DeepSeek-V4-pro,both
air_395,no,DeepSeek-V4-pro,both
air_59,no,DeepSeek-V4-pro,both
air_360,no,DeepSeek-V4-pro,both
air_64,no,DeepSeek-V4-pro,both
air_68,no,DeepSeek-V4-pro,both
air_99,no,DeepSeek-V4-pro,gained
dn_10.28,no,DeepSeek-V4-pro,both
air_90,no,DeepSeek-V4-pro,both
holton_40,no,DeepSeek-V4-pro,both
air_392,no,DeepSeek-V4-pro,both
holton_36,no,DeepSeek-V4-pro,both
holton_76,no,DeepSeek-V4-pro,both
holton_7,no,DeepSeek-V4-pro,both
jacob_13.2,no,DeepSeek-V4-pro,gained
holton_56,no,DeepSeek-V4-pro,both
p_101,yes,DeepSeek-V4-pro,both
ca_10.7,no,DeepSeek-V4-pro,both
p_103,no,DeepSeek-V4-pro,both
p_106,no,DeepSeek-V4-pro,both
p_113,no,DeepSeek-V4-pro,both
p_110,no,DeepSeek-V4-pro,both
p_114,no,DeepSeek-V4-pro,both
p_115,no,DeepSeek-V4-pro,both
p_22,no,DeepSeek-V4-pro,both
p_12,no,DeepSeek-V4-pro,gained
p_20,no,DeepSeek-V4-pro,both
p_25,no,DeepSeek-V4-pro,both
p_26,no,DeepSeek-V4-pro,both
p_3,no,DeepSeek-V4-pro,both
p_21,no,DeepSeek-V4-pro,both
p_41,no,DeepSeek-V4-pro,both
p_37,no,DeepSeek-V4-pro,both
jacob_4.7,no,DeepSeek-V4-pro,both
p_4,no,DeepSeek-V4-pro,both
p_57,no,DeepSeek-V4-pro,both
p_55,no,DeepSeek-V4-pro,both
p_5,no,DeepSeek-V4-pro,both
p_56,no,DeepSeek-V4-pro,both
p_7,no,DeepSeek-V4-pro,both
p_96,no,DeepSeek-V4-pro,both
p_70,no,DeepSeek-V4-pro,both
p_6,no,DeepSeek-V4-pro,both
turner_1,no,DeepSeek-V4-pro,gained
snp_9,no,DeepSeek-V4-pro,both
turner_2,no,DeepSeek-V4-pro,both
p_73,no,DeepSeek-V4-pro,both
p_102,no,DeepSeek-V4-pro,both
air_89,yes,DeepSeek-V4-pro,both
2.14,no,DeepSeek-V4-pro,neither
holton_2,no,DeepSeek-V4-pro,both
holton_53,no,DeepSeek-V4-pro,both
air_148,no,DeepSeek-V4-pro,fragile
air_137,no,DeepSeek-V4-pro,both
air_143,no,DeepSeek-V4-pro,both
air_165,no,DeepSeek-V4-pro,both
air_229,no,DeepSeek-V4-pro,both
air_206,no,DeepSeek-V4-pro,both
air_231,yes,DeepSeek-V4-pro,both
air_306,no,DeepSeek-V4-pro,both
air_105,no,DeepSeek-V4-pro,both
air_322,no,DeepSeek-V4-pro,both
air_351,no,DeepSeek-V4-pro,both
air_334,no,DeepSeek-V4-pro,both
air_342,no,DeepSeek-V4-pro,both
air_408,no,DeepSeek-V4-pro,both
dn_13.4,no,DeepSeek-V4-pro,both
dn_15.18,no,DeepSeek-V4-pro,both
air_361,no,DeepSeek-V4-pro,both
air_269,no,DeepSeek-V4-pro,both
fp_11.2,no,DeepSeek-V4-pro,both
holton_10,no,DeepSeek-V4-pro,both
holton_13,no,DeepSeek-V4-pro,both
jacob_4.8,yes,DeepSeek-V4-pro,both
jacobson_2.14,no,DeepSeek-V4-pro,both
p_124,no,DeepSeek-V4-pro,both
p_93,no,DeepSeek-V4-pro,gained
jacobson_4.6,no,DeepSeek-V4-pro,neither
jacobson_5.2,no,DeepSeek-V4-pro,both
air_108,no,DeepSeek-V4-pro,neither
air_126,no,DeepSeek-V4-pro,both
air_238,no,DeepSeek-V4-pro,both
snp_64,no,DeepSeek-V4-pro,both
dn_14.10,no,DeepSeek-V4-pro,both
jacobson_14.1,no,DeepSeek-V4-pro,gained
11.1,no,Gemini-3.1-Pro (reasoning),both
4.3,no,Gemini-3.1-Pro (reasoning),both
6.1.4,no,Gemini-3.1-Pro (reasoning),both
7.4,no,Gemini-3.1-Pro (reasoning),both
air_63,no,Gemini-3.1-Pro (reasoning),both
air_71,no,Gemini-3.1-Pro (reasoning),both
air_72,no,Gemini-3.1-Pro (reasoning),both
air_88,no,Gemini-3.1-Pro (reasoning),both
air_91,no,Gemini-3.1-Pro (reasoning),both
air_92,no,Gemini-3.1-Pro (reasoning),both
air_98,no,Gemini-3.1-Pro (reasoning),both
air_103,no,Gemini-3.1-Pro (reasoning),both
air_106,no,Gemini-3.1-Pro (reasoning),both
air_104,no,Gemini-3.1-Pro (reasoning),both
air_123,no,Gemini-3.1-Pro (reasoning),both
air_119,no,Gemini-3.1-Pro (reasoning),both
air_122,no,Gemini-3.1-Pro (reasoning),both
air_124,no,Gemini-3.1-Pro (reasoning),both
air_130,no,Gemini-3.1-Pro (reasoning),both
air_138,no,Gemini-3.1-Pro (reasoning),both
air_139,no,Gemini-3.1-Pro (reasoning),both
air_145,no,Gemini-3.1-Pro (reasoning),both
air_146,no,Gemini-3.1-Pro (reasoning),both
air_149,no,Gemini-3.1-Pro (reasoning),both
air_154,no,Gemini-3.1-Pro (reasoning),neither
air_159,no,Gemini-3.1-Pro (reasoning),both
air_167,no,Gemini-3.1-Pro (reasoning),neither
air_168,no,Gemini-3.1-Pro (reasoning),both
air_172,no,Gemini-3.1-Pro (reasoning),both
air_173,no,Gemini-3.1-Pro (reasoning),both
air_178,no,Gemini-3.1-Pro (reasoning),both
air_182,no,Gemini-3.1-Pro (reasoning),both
air_198,no,Gemini-3.1-Pro (reasoning),both
air_201,no,Gemini-3.1-Pro (reasoning),both
air_203,no,Gemini-3.1-Pro (reasoning),both
air_205,no,Gemini-3.1-Pro (reasoning),both
air_212,no,Gemini-3.1-Pro (reasoning),both
air_213,no,Gemini-3.1-Pro (reasoning),both
air_214,no,Gemini-3.1-Pro (reasoning),both
air_228,no,Gemini-3.1-Pro (reasoning),both
air_235,no,Gemini-3.1-Pro (reasoning),both
air_236,no,Gemini-3.1-Pro (reasoning),both
air_239,no,Gemini-3.1-Pro (reasoning),both
air_246,no,Gemini-3.1-Pro (reasoning),both
air_248,no,Gemini-3.1-Pro (reasoning),both
air_243,no,Gemini-3.1-Pro (reasoning),both
air_251,no,Gemini-3.1-Pro (reasoning),both
air_250,no,Gemini-3.1-Pro (reasoning),both
air_252,no,Gemini-3.1-Pro (reasoning),both
air_256,no,Gemini-3.1-Pro (reasoning),both
air_273,no,Gemini-3.1-Pro (reasoning),both
air_282,no,Gemini-3.1-Pro (reasoning),both
air_284,no,Gemini-3.1-Pro (reasoning),both
air_285,no,Gemini-3.1-Pro (reasoning),both
air_289,no,Gemini-3.1-Pro (reasoning),both
air_292,no,Gemini-3.1-Pro (reasoning),both
air_296,no,Gemini-3.1-Pro (reasoning),both
air_300,no,Gemini-3.1-Pro (reasoning),both
air_301,no,Gemini-3.1-Pro (reasoning),both
air_305,no,Gemini-3.1-Pro (reasoning),both
air_315,no,Gemini-3.1-Pro (reasoning),both
air_314,no,Gemini-3.1-Pro (reasoning),both
air_318,no,Gemini-3.1-Pro (reasoning),both
air_320,no,Gemini-3.1-Pro (reasoning),both
air_321,no,Gemini-3.1-Pro (reasoning),both
air_323,no,Gemini-3.1-Pro (reasoning),both
air_326,no,Gemini-3.1-Pro (reasoning),both
air_328,no,Gemini-3.1-Pro (reasoning),both
air_335,no,Gemini-3.1-Pro (reasoning),both
air_346,no,Gemini-3.1-Pro (reasoning),both
air_355,no,Gemini-3.1-Pro (reasoning),both
air_368,no,Gemini-3.1-Pro (reasoning),both
air_371,no,Gemini-3.1-Pro (reasoning),both
air_363,no,Gemini-3.1-Pro (reasoning),both
air_369,no,Gemini-3.1-Pro (reasoning),neither
air_382,no,Gemini-3.1-Pro (reasoning),both
air_405,no,Gemini-3.1-Pro (reasoning),both
p_0,no,Gemini-3.1-Pro (reasoning),both
p_10,no,Gemini-3.1-Pro (reasoning),both
p_11,no,Gemini-3.1-Pro (reasoning),both
2.4,no,Gemini-3.1-Pro (reasoning),both
2.3,no,Gemini-3.1-Pro (reasoning),both
2.7,no,Gemini-3.1-Pro (reasoning),both
2.13,no,Gemini-3.1-Pro (reasoning),both
2.15,no,Gemini-3.1-Pro (reasoning),both
5.2,no,Gemini-3.1-Pro (reasoning),both
5.7,no,Gemini-3.1-Pro (reasoning),both
6.1,no,Gemini-3.1-Pro (reasoning),both
6.2,no,Gemini-3.1-Pro (reasoning),both
p_2,no,Gemini-3.1-Pro (reasoning),both
7.1,no,Gemini-3.1-Pro (reasoning),both
5.10,no,Gemini-3.1-Pro (reasoning),both
p_16,no,Gemini-3.1-Pro (reasoning),both
p_23,no,Gemini-3.1-Pro (reasoning),both
p_35,no,Gemini-3.1-Pro (reasoning),both
p_38,no,Gemini-3.1-Pro (reasoning),both
p_40,no,Gemini-3.1-Pro (reasoning),both
p_51,no,Gemini-3.1-Pro (reasoning),both
p_52,no,Gemini-3.1-Pro (reasoning),both
p_54,no,Gemini-3.1-Pro (reasoning),both
p_61,no,Gemini-3.1-Pro (reasoning),both
p_63,no,Gemini-3.1-Pro (reasoning),both
p_71,no,Gemini-3.1-Pro (reasoning),both
p_72,no,Gemini-3.1-Pro (reasoning),both
p_83,no,Gemini-3.1-Pro (reasoning),both
p_84,no,Gemini-3.1-Pro (reasoning),both
p_85,no,Gemini-3.1-Pro (reasoning),both
p_95,no,Gemini-3.1-Pro (reasoning),both
p_99,no,Gemini-3.1-Pro (reasoning),both
p_104,no,Gemini-3.1-Pro (reasoning),both
p_107,no,Gemini-3.1-Pro (reasoning),both
p_109,no,Gemini-3.1-Pro (reasoning),both
p_108,no,Gemini-3.1-Pro (reasoning),both
p_111,no,Gemini-3.1-Pro (reasoning),both
p_112,no,Gemini-3.1-Pro (reasoning),both
p_123,no,Gemini-3.1-Pro (reasoning),both
p_127,no,Gemini-3.1-Pro (reasoning),both
3.2,no,Gemini-3.1-Pro (reasoning),both
6.9,yes,Gemini-3.1-Pro (reasoning),both
air_174,no,Gemini-3.1-Pro (reasoning),both
turner_3,no,Gemini-3.1-Pro (reasoning),both
turner_23,no,Gemini-3.1-Pro (reasoning),both
snp_6,no,Gemini-3.1-Pro (reasoning),both
holton_44,no,Gemini-3.1-Pro (reasoning),both
snp_37,no,Gemini-3.1-Pro (reasoning),both
snp_12,no,Gemini-3.1-Pro (reasoning),both
holton_22,no,Gemini-3.1-Pro (reasoning),both
holton_52,no,Gemini-3.1-Pro (reasoning),both
holton_8,no,Gemini-3.1-Pro (reasoning),both
holton_28,no,Gemini-3.1-Pro (reasoning),both
holton_50,no,Gemini-3.1-Pro (reasoning),both
snp_45,yes,Gemini-3.1-Pro (reasoning),both
snp_19,no,Gemini-3.1-Pro (reasoning),both
holton_58,no,Gemini-3.1-Pro (reasoning),both
snp_50,yes,Gemini-3.1-Pro (reasoning),both
holton_34,no,Gemini-3.1-Pro (reasoning),both
snp_7,no,Gemini-3.1-Pro (reasoning),both
holton_5,no,Gemini-3.1-Pro (reasoning),both
snp_67,no,Gemini-3.1-Pro (reasoning),both
snp_4,no,Gemini-3.1-Pro (reasoning),both
jacob_2.1,no,Gemini-3.1-Pro (reasoning),both
holton_38,no,Gemini-3.1-Pro (reasoning),both
snp_15,no,Gemini-3.1-Pro (reasoning),both
holton_27,no,Gemini-3.1-Pro (reasoning),both
holton_60,no,Gemini-3.1-Pro (reasoning),both
holton_62,no,Gemini-3.1-Pro (reasoning),both
holton_16,no,Gemini-3.1-Pro (reasoning),both
snp_72,no,Gemini-3.1-Pro (reasoning),both
snp_56,no,Gemini-3.1-Pro (reasoning),both
holton_30,no,Gemini-3.1-Pro (reasoning),both
snp_5,no,Gemini-3.1-Pro (reasoning),both
snp_99,no,Gemini-3.1-Pro (reasoning),both
snp_85,no,Gemini-3.1-Pro (reasoning),both
snp_43,no,Gemini-3.1-Pro (reasoning),both
snp_68,no,Gemini-3.1-Pro (reasoning),both
holton_1,no,Gemini-3.1-Pro (reasoning),both
snp_49,no,Gemini-3.1-Pro (reasoning),both
snp_8,no,Gemini-3.1-Pro (reasoning),both
holton_11,no,Gemini-3.1-Pro (reasoning),both
holton_19,no,Gemini-3.1-Pro (reasoning),both
holton_33,yes,Gemini-3.1-Pro (reasoning),both
holton_51,no,Gemini-3.1-Pro (reasoning),both
jacob_13.4,no,Gemini-3.1-Pro (reasoning),both
snp_22,no,Gemini-3.1-Pro (reasoning),both
4.4,no,Gemini-3.1-Pro (reasoning),both
2.2,no,Gemini-3.1-Pro (reasoning),both
4.8,no,Gemini-3.1-Pro (reasoning),both
3.11,no,Gemini-3.1-Pro (reasoning),both
5.11,no,Gemini-3.1-Pro (reasoning),both
4.9,no,Gemini-3.1-Pro (reasoning),both
8.7,no,Gemini-3.1-Pro (reasoning),both
3.8,no,Gemini-3.1-Pro (reasoning),both
5.9,no,Gemini-3.1-Pro (reasoning),both
air_116,no,Gemini-3.1-Pro (reasoning),both
air_234,no,Gemini-3.1-Pro (reasoning),both
jacob_12.1,no,Gemini-3.1-Pro (reasoning),both
snp_94,no,Gemini-3.1-Pro (reasoning),both
snp_30,no,Gemini-3.1-Pro (reasoning),both
ry_1.3,no,Gemini-3.1-Pro (reasoning),both
ry_1.6,no,Gemini-3.1-Pro (reasoning),both
ry_3.5,no,Gemini-3.1-Pro (reasoning),both
ry_12.5,no,Gemini-3.1-Pro (reasoning),both
ry_13.7,no,Gemini-3.1-Pro (reasoning),both
dn_12.1,no,Gemini-3.1-Pro (reasoning),both
dn_6.27,no,Gemini-3.1-Pro (reasoning),both
dn_9.27,no,Gemini-3.1-Pro (reasoning),both
dn_4.15,no,Gemini-3.1-Pro (reasoning),both
dn_10.44,no,Gemini-3.1-Pro (reasoning),both
fp_2.4,no,Gemini-3.1-Pro (reasoning),both
fp_2.1,no,Gemini-3.1-Pro (reasoning),both
fp_12.2,no,Gemini-3.1-Pro (reasoning),both
fp_12.1,no,Gemini-3.1-Pro (reasoning),both
fp_2.5,no,Gemini-3.1-Pro (reasoning),both
ca_3.9,no,Gemini-3.1-Pro (reasoning),both
ca_10.5,no,Gemini-3.1-Pro (reasoning),both
ca_15.7,no,Gemini-3.1-Pro (reasoning),both
air_121,no,Gemini-3.1-Pro (reasoning),both
air_226,no,Gemini-3.1-Pro (reasoning),both
dn_6.31,no,Gemini-3.1-Pro (reasoning),both
dn_8.4,no,Gemini-3.1-Pro (reasoning),both
jacobson_2.1,no,Gemini-3.1-Pro (reasoning),both
jacobson_2.13,no,Gemini-3.1-Pro (reasoning),both
jacobson_2.6,no,Gemini-3.1-Pro (reasoning),both
jacobson_3.5,no,Gemini-3.1-Pro (reasoning),both
jacobson_4.1,no,Gemini-3.1-Pro (reasoning),both
jacobson_4.5,no,Gemini-3.1-Pro (reasoning),both
jacobson_3.6(a),no,Gemini-3.1-Pro (reasoning),both
jacobson_2.16,no,Gemini-3.1-Pro (reasoning),both
jacobson_2.7,no,Gemini-3.1-Pro (reasoning),both
jacobson_3.6(c),no,Gemini-3.1-Pro (reasoning),both
jacobson_2.17,no,Gemini-3.1-Pro (reasoning),both
jacobson_4.8,no,Gemini-3.1-Pro (reasoning),both
jacobson_2.5,no,Gemini-3.1-Pro (reasoning),both
jacobson_18.6,no,Gemini-3.1-Pro (reasoning),both
jacobson_13.2,no,Gemini-3.1-Pro (reasoning),both
jacobson_38,no,Gemini-3.1-Pro (reasoning),both
jacobson_18.1,no,Gemini-3.1-Pro (reasoning),both
jacobson_18.8(a),no,Gemini-3.1-Pro (reasoning),gained
jacobson_2.19,no,Gemini-3.1-Pro (reasoning),both
air_102,no,Gemini-3.1-Pro (reasoning),both
air_107,no,Gemini-3.1-Pro (reasoning),both
air_0,no,Gemini-3.1-Pro (reasoning),both
1.2,no,Gemini-3.1-Pro (reasoning),both
air_110,no,Gemini-3.1-Pro (reasoning),both
air_111,no,Gemini-3.1-Pro (reasoning),both
air_120,no,Gemini-3.1-Pro (reasoning),both
1.1,no,Gemini-3.1-Pro (reasoning),both
air_125,no,Gemini-3.1-Pro (reasoning),both
air_132,no,Gemini-3.1-Pro (reasoning),both
10.3,no,Gemini-3.1-Pro (reasoning),both
air_133,no,Gemini-3.1-Pro (reasoning),both
air_147,no,Gemini-3.1-Pro (reasoning),both
air_170,no,Gemini-3.1-Pro (reasoning),both
air_177,no,Gemini-3.1-Pro (reasoning),both
air_183,no,Gemini-3.1-Pro (reasoning),both
air_187,no,Gemini-3.1-Pro (reasoning),both
air_197,no,Gemini-3.1-Pro (reasoning),both
air_215,no,Gemini-3.1-Pro (reasoning),both
air_224,no,Gemini-3.1-Pro (reasoning),both
air_227,no,Gemini-3.1-Pro (reasoning),both
air_259,no,Gemini-3.1-Pro (reasoning),both
air_255,no,Gemini-3.1-Pro (reasoning),both
air_220,no,Gemini-3.1-Pro (reasoning),both
air_261,no,Gemini-3.1-Pro (reasoning),both
air_290,no,Gemini-3.1-Pro (reasoning),both
air_299,yes,Gemini-3.1-Pro (reasoning),both
air_263,no,Gemini-3.1-Pro (reasoning),both
air_3,no,Gemini-3.1-Pro (reasoning),both
air_308,no,Gemini-3.1-Pro (reasoning),both
air_310,no,Gemini-3.1-Pro (reasoning),both
air_264,no,Gemini-3.1-Pro (reasoning),both
air_304,yes,Gemini-3.1-Pro (reasoning),both
air_330,no,Gemini-3.1-Pro (reasoning),both
air_339,no,Gemini-3.1-Pro (reasoning),both
air_338,no,Gemini-3.1-Pro (reasoning),both
air_347,no,Gemini-3.1-Pro (reasoning),both
air_349,no,Gemini-3.1-Pro (reasoning),both
air_345,no,Gemini-3.1-Pro (reasoning),both
air_362,no,Gemini-3.1-Pro (reasoning),both
air_379,no,Gemini-3.1-Pro (reasoning),both
air_380,yes,Gemini-3.1-Pro (reasoning),both
air_385,yes,Gemini-3.1-Pro (reasoning),both
air_395,no,Gemini-3.1-Pro (reasoning),both
air_59,no,Gemini-3.1-Pro (reasoning),both
air_360,no,Gemini-3.1-Pro (reasoning),fragile
air_64,no,Gemini-3.1-Pro (reasoning),both
air_68,no,Gemini-3.1-Pro (reasoning),both
air_99,no,Gemini-3.1-Pro (reasoning),both
dn_10.28,no,Gemini-3.1-Pro (reasoning),both
air_90,no,Gemini-3.1-Pro (reasoning),both
holton_40,no,Gemini-3.1-Pro (reasoning),both
air_392,no,Gemini-3.1-Pro (reasoning),both
holton_36,no,Gemini-3.1-Pro (reasoning),both
holton_76,no,Gemini-3.1-Pro (reasoning),both
holton_7,no,Gemini-3.1-Pro (reasoning),both
jacob_13.2,no,Gemini-3.1-Pro (reasoning),both
holton_56,no,Gemini-3.1-Pro (reasoning),both
p_101,yes,Gemini-3.1-Pro (reasoning),both
ca_10.7,no,Gemini-3.1-Pro (reasoning),both
p_103,no,Gemini-3.1-Pro (reasoning),both
p_106,no,Gemini-3.1-Pro (reasoning),both
p_113,no,Gemini-3.1-Pro (reasoning),both
p_110,no,Gemini-3.1-Pro (reasoning),neither
p_114,no,Gemini-3.1-Pro (reasoning),both
p_115,no,Gemini-3.1-Pro (reasoning),both
p_22,no,Gemini-3.1-Pro (reasoning),both
p_12,no,Gemini-3.1-Pro (reasoning),both
p_20,no,Gemini-3.1-Pro (reasoning),both
p_25,no,Gemini-3.1-Pro (reasoning),both
p_26,no,Gemini-3.1-Pro (reasoning),both
p_3,no,Gemini-3.1-Pro (reasoning),both
p_21,no,Gemini-3.1-Pro (reasoning),both
p_41,no,Gemini-3.1-Pro (reasoning),both
p_37,no,Gemini-3.1-Pro (reasoning),both
jacob_4.7,no,Gemini-3.1-Pro (reasoning),both
p_4,no,Gemini-3.1-Pro (reasoning),both
p_57,no,Gemini-3.1-Pro (reasoning),both
p_55,no,Gemini-3.1-Pro (reasoning),both
p_5,no,Gemini-3.1-Pro (reasoning),both
p_56,no,Gemini-3.1-Pro (reasoning),both
p_7,no,Gemini-3.1-Pro (reasoning),both
p_96,no,Gemini-3.1-Pro (reasoning),both
p_70,no,Gemini-3.1-Pro (reasoning),both
p_6,no,Gemini-3.1-Pro (reasoning),both
turner_1,no,Gemini-3.1-Pro (reasoning),both
snp_9,no,Gemini-3.1-Pro (reasoning),both
turner_2,no,Gemini-3.1-Pro (reasoning),both
p_73,no,Gemini-3.1-Pro (reasoning),both
p_102,no,Gemini-3.1-Pro (reasoning),both
air_89,yes,Gemini-3.1-Pro (reasoning),both
2.14,no,Gemini-3.1-Pro (reasoning),both
holton_2,no,Gemini-3.1-Pro (reasoning),both
holton_53,no,Gemini-3.1-Pro (reasoning),both
air_148,no,Gemini-3.1-Pro (reasoning),both
air_137,no,Gemini-3.1-Pro (reasoning),both
air_143,no,Gemini-3.1-Pro (reasoning),both
air_165,no,Gemini-3.1-Pro (reasoning),both
air_229,no,Gemini-3.1-Pro (reasoning),both
air_206,no,Gemini-3.1-Pro (reasoning),both
air_231,yes,Gemini-3.1-Pro (reasoning),both
air_306,no,Gemini-3.1-Pro (reasoning),both
air_105,no,Gemini-3.1-Pro (reasoning),both
air_322,no,Gemini-3.1-Pro (reasoning),both
air_351,no,Gemini-3.1-Pro (reasoning),both
air_334,no,Gemini-3.1-Pro (reasoning),both
air_342,no,Gemini-3.1-Pro (reasoning),both
air_408,no,Gemini-3.1-Pro (reasoning),both
dn_13.4,no,Gemini-3.1-Pro (reasoning),both
dn_15.18,no,Gemini-3.1-Pro (reasoning),both
air_361,no,Gemini-3.1-Pro (reasoning),both
air_269,no,Gemini-3.1-Pro (reasoning),both
fp_11.2,no,Gemini-3.1-Pro (reasoning),fragile
holton_10,no,Gemini-3.1-Pro (reasoning),both
holton_13,no,Gemini-3.1-Pro (reasoning),both
jacob_4.8,yes,Gemini-3.1-Pro (reasoning),both
jacobson_2.14,no,Gemini-3.1-Pro (reasoning),both
p_124,no,Gemini-3.1-Pro (reasoning),both
p_93,no,Gemini-3.1-Pro (reasoning),both
jacobson_4.6,no,Gemini-3.1-Pro (reasoning),both
jacobson_5.2,no,Gemini-3.1-Pro (reasoning),both
air_108,no,Gemini-3.1-Pro (reasoning),both
air_126,no,Gemini-3.1-Pro (reasoning),both
air_238,no,Gemini-3.1-Pro (reasoning),both
snp_64,no,Gemini-3.1-Pro (reasoning),both
dn_14.10,no,Gemini-3.1-Pro (reasoning),both
jacobson_14.1,no,Gemini-3.1-Pro (reasoning),fragile
11.1,no,gpt-5.5 (reasoning),both
4.3,no,gpt-5.5 (reasoning),fragile
6.1.4,no,gpt-5.5 (reasoning),both
7.4,no,gpt-5.5 (reasoning),both
air_63,no,gpt-5.5 (reasoning),both
air_71,no,gpt-5.5 (reasoning),both
air_72,no,gpt-5.5 (reasoning),both
air_88,no,gpt-5.5 (reasoning),both
air_91,no,gpt-5.5 (reasoning),both
air_92,no,gpt-5.5 (reasoning),both
air_98,no,gpt-5.5 (reasoning),both
air_103,no,gpt-5.5 (reasoning),both
air_106,no,gpt-5.5 (reasoning),both
air_104,no,gpt-5.5 (reasoning),both
air_123,no,gpt-5.5 (reasoning),both
air_119,no,gpt-5.5 (reasoning),both
air_122,no,gpt-5.5 (reasoning),both
air_124,no,gpt-5.5 (reasoning),neither
air_130,no,gpt-5.5 (reasoning),both
air_138,no,gpt-5.5 (reasoning),both
air_139,no,gpt-5.5 (reasoning),both
air_145,no,gpt-5.5 (reasoning),both
air_146,no,gpt-5.5 (reasoning),both
air_149,no,gpt-5.5 (reasoning),fragile
air_154,no,gpt-5.5 (reasoning),both
air_159,no,gpt-5.5 (reasoning),both
air_167,no,gpt-5.5 (reasoning),both
air_168,no,gpt-5.5 (reasoning),both
air_172,no,gpt-5.5 (reasoning),both
air_173,no,gpt-5.5 (reasoning),both
air_178,no,gpt-5.5 (reasoning),both
air_182,no,gpt-5.5 (reasoning),both
air_198,no,gpt-5.5 (reasoning),both
air_201,no,gpt-5.5 (reasoning),both
air_203,no,gpt-5.5 (reasoning),both
air_205,no,gpt-5.5 (reasoning),both
air_212,no,gpt-5.5 (reasoning),both
air_213,no,gpt-5.5 (reasoning),both
air_214,no,gpt-5.5 (reasoning),both
air_228,no,gpt-5.5 (reasoning),both
air_235,no,gpt-5.5 (reasoning),both
air_236,no,gpt-5.5 (reasoning),both
air_239,no,gpt-5.5 (reasoning),both
air_246,no,gpt-5.5 (reasoning),both
air_248,no,gpt-5.5 (reasoning),fragile
air_243,no,gpt-5.5 (reasoning),both
air_251,no,gpt-5.5 (reasoning),both
air_250,no,gpt-5.5 (reasoning),both
air_252,no,gpt-5.5 (reasoning),both
air_256,no,gpt-5.5 (reasoning),both
air_273,no,gpt-5.5 (reasoning),both
air_282,no,gpt-5.5 (reasoning),both
air_284,no,gpt-5.5 (reasoning),both
air_285,no,gpt-5.5 (reasoning),both
air_289,no,gpt-5.5 (reasoning),both
air_292,no,gpt-5.5 (reasoning),both
air_296,no,gpt-5.5 (reasoning),fragile
air_300,no,gpt-5.5 (reasoning),both
air_301,no,gpt-5.5 (reasoning),both
air_305,no,gpt-5.5 (reasoning),both
air_315,no,gpt-5.5 (reasoning),both
air_314,no,gpt-5.5 (reasoning),both
air_318,no,gpt-5.5 (reasoning),both
air_320,no,gpt-5.5 (reasoning),both
air_321,no,gpt-5.5 (reasoning),both
air_323,no,gpt-5.5 (reasoning),both
air_326,no,gpt-5.5 (reasoning),both
air_328,no,gpt-5.5 (reasoning),both
air_335,no,gpt-5.5 (reasoning),both
air_346,no,gpt-5.5 (reasoning),gained
air_355,no,gpt-5.5 (reasoning),both
air_368,no,gpt-5.5 (reasoning),both
air_371,no,gpt-5.5 (reasoning),both
air_363,no,gpt-5.5 (reasoning),both
air_369,no,gpt-5.5 (reasoning),fragile
air_382,no,gpt-5.5 (reasoning),both
air_405,no,gpt-5.5 (reasoning),both
p_0,no,gpt-5.5 (reasoning),both
p_10,no,gpt-5.5 (reasoning),both
p_11,no,gpt-5.5 (reasoning),both
2.4,no,gpt-5.5 (reasoning),both
2.3,no,gpt-5.5 (reasoning),both
2.7,no,gpt-5.5 (reasoning),both
2.13,no,gpt-5.5 (reasoning),both
2.15,no,gpt-5.5 (reasoning),both
5.2,no,gpt-5.5 (reasoning),both
5.7,no,gpt-5.5 (reasoning),both
6.1,no,gpt-5.5 (reasoning),both
6.2,no,gpt-5.5 (reasoning),both
p_2,no,gpt-5.5 (reasoning),both
7.1,no,gpt-5.5 (reasoning),both
5.10,no,gpt-5.5 (reasoning),both
p_16,no,gpt-5.5 (reasoning),both
p_23,no,gpt-5.5 (reasoning),both
p_35,no,gpt-5.5 (reasoning),both
p_38,no,gpt-5.5 (reasoning),both
p_40,no,gpt-5.5 (reasoning),both
p_51,no,gpt-5.5 (reasoning),both
p_52,no,gpt-5.5 (reasoning),both
p_54,no,gpt-5.5 (reasoning),both
p_61,no,gpt-5.5 (reasoning),both
p_63,no,gpt-5.5 (reasoning),both
p_71,no,gpt-5.5 (reasoning),both
p_72,no,gpt-5.5 (reasoning),both
p_83,no,gpt-5.5 (reasoning),both
p_84,no,gpt-5.5 (reasoning),both
p_85,no,gpt-5.5 (reasoning),both
p_95,no,gpt-5.5 (reasoning),both
p_99,no,gpt-5.5 (reasoning),both
p_104,no,gpt-5.5 (reasoning),both
p_107,no,gpt-5.5 (reasoning),both
p_109,no,gpt-5.5 (reasoning),both
p_108,no,gpt-5.5 (reasoning),both
p_111,no,gpt-5.5 (reasoning),both
p_112,no,gpt-5.5 (reasoning),both
p_123,no,gpt-5.5 (reasoning),both
p_127,no,gpt-5.5 (reasoning),both
3.2,no,gpt-5.5 (reasoning),both
6.9,yes,gpt-5.5 (reasoning),both
air_174,no,gpt-5.5 (reasoning),both
turner_3,no,gpt-5.5 (reasoning),both
turner_23,no,gpt-5.5 (reasoning),both
snp_6,no,gpt-5.5 (reasoning),both
holton_44,no,gpt-5.5 (reasoning),both
snp_37,no,gpt-5.5 (reasoning),both
snp_12,no,gpt-5.5 (reasoning),both
holton_22,no,gpt-5.5 (reasoning),both
holton_52,no,gpt-5.5 (reasoning),both
holton_8,no,gpt-5.5 (reasoning),both
holton_28,no,gpt-5.5 (reasoning),both
holton_50,no,gpt-5.5 (reasoning),both
snp_45,yes,gpt-5.5 (reasoning),both
snp_19,no,gpt-5.5 (reasoning),both
holton_58,no,gpt-5.5 (reasoning),both
snp_50,yes,gpt-5.5 (reasoning),both
holton_34,no,gpt-5.5 (reasoning),both
snp_7,no,gpt-5.5 (reasoning),both
holton_5,no,gpt-5.5 (reasoning),both
snp_67,no,gpt-5.5 (reasoning),both
snp_4,no,gpt-5.5 (reasoning),both
jacob_2.1,no,gpt-5.5 (reasoning),both
holton_38,no,gpt-5.5 (reasoning),both
snp_15,no,gpt-5.5 (reasoning),both
holton_27,no,gpt-5.5 (reasoning),both
holton_60,no,gpt-5.5 (reasoning),both
holton_62,no,gpt-5.5 (reasoning),both
holton_16,no,gpt-5.5 (reasoning),both
snp_72,no,gpt-5.5 (reasoning),both
snp_56,no,gpt-5.5 (reasoning),both
holton_30,no,gpt-5.5 (reasoning),both
snp_5,no,gpt-5.5 (reasoning),both
snp_99,no,gpt-5.5 (reasoning),both
snp_85,no,gpt-5.5 (reasoning),both
snp_43,no,gpt-5.5 (reasoning),both
snp_68,no,gpt-5.5 (reasoning),both
holton_1,no,gpt-5.5 (reasoning),both
snp_49,no,gpt-5.5 (reasoning),both
snp_8,no,gpt-5.5 (reasoning),both
holton_11,no,gpt-5.5 (reasoning),both
holton_19,no,gpt-5.5 (reasoning),both
holton_33,yes,gpt-5.5 (reasoning),both
holton_51,no,gpt-5.5 (reasoning),both
jacob_13.4,no,gpt-5.5 (reasoning),both
snp_22,no,gpt-5.5 (reasoning),both
4.4,no,gpt-5.5 (reasoning),both
2.2,no,gpt-5.5 (reasoning),both
4.8,no,gpt-5.5 (reasoning),both
3.11,no,gpt-5.5 (reasoning),both
5.11,no,gpt-5.5 (reasoning),both
4.9,no,gpt-5.5 (reasoning),both
8.7,no,gpt-5.5 (reasoning),both
3.8,no,gpt-5.5 (reasoning),both
5.9,no,gpt-5.5 (reasoning),both
air_116,no,gpt-5.5 (reasoning),both
air_234,no,gpt-5.5 (reasoning),both
jacob_12.1,no,gpt-5.5 (reasoning),both
snp_94,no,gpt-5.5 (reasoning),both
snp_30,no,gpt-5.5 (reasoning),both
ry_1.3,no,gpt-5.5 (reasoning),both
ry_1.6,no,gpt-5.5 (reasoning),both
ry_3.5,no,gpt-5.5 (reasoning),both
ry_12.5,no,gpt-5.5 (reasoning),both
ry_13.7,no,gpt-5.5 (reasoning),both
dn_12.1,no,gpt-5.5 (reasoning),both
dn_6.27,no,gpt-5.5 (reasoning),both
dn_9.27,no,gpt-5.5 (reasoning),both
dn_4.15,no,gpt-5.5 (reasoning),both
dn_10.44,no,gpt-5.5 (reasoning),both
fp_2.4,no,gpt-5.5 (reasoning),both
fp_2.1,no,gpt-5.5 (reasoning),both
fp_12.2,no,gpt-5.5 (reasoning),both
fp_12.1,no,gpt-5.5 (reasoning),both
fp_2.5,no,gpt-5.5 (reasoning),both
ca_3.9,no,gpt-5.5 (reasoning),both
ca_10.5,no,gpt-5.5 (reasoning),both
ca_15.7,no,gpt-5.5 (reasoning),both
air_121,no,gpt-5.5 (reasoning),both
air_226,no,gpt-5.5 (reasoning),both
dn_6.31,no,gpt-5.5 (reasoning),both
dn_8.4,no,gpt-5.5 (reasoning),both
jacobson_2.1,no,gpt-5.5 (reasoning),both
jacobson_2.13,no,gpt-5.5 (reasoning),both
jacobson_2.6,no,gpt-5.5 (reasoning),both
jacobson_3.5,no,gpt-5.5 (reasoning),both
jacobson_4.1,no,gpt-5.5 (reasoning),both
jacobson_4.5,no,gpt-5.5 (reasoning),both
jacobson_3.6(a),no,gpt-5.5 (reasoning),both
jacobson_2.16,no,gpt-5.5 (reasoning),both
jacobson_2.7,no,gpt-5.5 (reasoning),both
jacobson_3.6(c),no,gpt-5.5 (reasoning),both
jacobson_2.17,no,gpt-5.5 (reasoning),both
jacobson_4.8,no,gpt-5.5 (reasoning),both
jacobson_2.5,no,gpt-5.5 (reasoning),both
jacobson_18.6,no,gpt-5.5 (reasoning),both
jacobson_13.2,no,gpt-5.5 (reasoning),both
jacobson_38,no,gpt-5.5 (reasoning),both
jacobson_18.1,no,gpt-5.5 (reasoning),both
jacobson_18.8(a),no,gpt-5.5 (reasoning),both
jacobson_2.19,no,gpt-5.5 (reasoning),both
air_102,no,gpt-5.5 (reasoning),both
air_107,no,gpt-5.5 (reasoning),both
air_0,no,gpt-5.5 (reasoning),both
1.2,no,gpt-5.5 (reasoning),both
air_110,no,gpt-5.5 (reasoning),both
air_111,no,gpt-5.5 (reasoning),both
air_120,no,gpt-5.5 (reasoning),both
1.1,no,gpt-5.5 (reasoning),both
air_125,no,gpt-5.5 (reasoning),both
air_132,no,gpt-5.5 (reasoning),both
10.3,no,gpt-5.5 (reasoning),both
air_133,no,gpt-5.5 (reasoning),both
air_147,no,gpt-5.5 (reasoning),both
air_170,no,gpt-5.5 (reasoning),both
air_177,no,gpt-5.5 (reasoning),both
air_183,no,gpt-5.5 (reasoning),both
air_187,no,gpt-5.5 (reasoning),both
air_197,no,gpt-5.5 (reasoning),both
air_215,no,gpt-5.5 (reasoning),both
air_224,no,gpt-5.5 (reasoning),both
air_227,no,gpt-5.5 (reasoning),both
air_259,no,gpt-5.5 (reasoning),both
air_255,no,gpt-5.5 (reasoning),both
air_220,no,gpt-5.5 (reasoning),both
air_261,no,gpt-5.5 (reasoning),both
air_290,no,gpt-5.5 (reasoning),both
air_299,yes,gpt-5.5 (reasoning),both
air_263,no,gpt-5.5 (reasoning),both
air_3,no,gpt-5.5 (reasoning),both
air_308,no,gpt-5.5 (reasoning),both
air_310,no,gpt-5.5 (reasoning),both
air_264,no,gpt-5.5 (reasoning),both
air_304,yes,gpt-5.5 (reasoning),both
air_330,no,gpt-5.5 (reasoning),both
air_339,no,gpt-5.5 (reasoning),both
air_338,no,gpt-5.5 (reasoning),both
air_347,no,gpt-5.5 (reasoning),both
air_349,no,gpt-5.5 (reasoning),both
air_345,no,gpt-5.5 (reasoning),both
air_362,no,gpt-5.5 (reasoning),both
air_379,no,gpt-5.5 (reasoning),both
air_380,yes,gpt-5.5 (reasoning),both
air_385,yes,gpt-5.5 (reasoning),both
air_395,no,gpt-5.5 (reasoning),both
air_59,no,gpt-5.5 (reasoning),both
air_360,no,gpt-5.5 (reasoning),fragile
air_64,no,gpt-5.5 (reasoning),both
air_68,no,gpt-5.5 (reasoning),both
air_99,no,gpt-5.5 (reasoning),both
dn_10.28,no,gpt-5.5 (reasoning),both
air_90,no,gpt-5.5 (reasoning),both
holton_40,no,gpt-5.5 (reasoning),both
air_392,no,gpt-5.5 (reasoning),both
holton_36,no,gpt-5.5 (reasoning),both
holton_76,no,gpt-5.5 (reasoning),both
holton_7,no,gpt-5.5 (reasoning),both
jacob_13.2,no,gpt-5.5 (reasoning),both
holton_56,no,gpt-5.5 (reasoning),both
p_101,yes,gpt-5.5 (reasoning),both
ca_10.7,no,gpt-5.5 (reasoning),both
p_103,no,gpt-5.5 (reasoning),both
p_106,no,gpt-5.5 (reasoning),both
p_113,no,gpt-5.5 (reasoning),both
p_110,no,gpt-5.5 (reasoning),both
p_114,no,gpt-5.5 (reasoning),both
p_115,no,gpt-5.5 (reasoning),both
p_22,no,gpt-5.5 (reasoning),both
p_12,no,gpt-5.5 (reasoning),both
p_20,no,gpt-5.5 (reasoning),both
p_25,no,gpt-5.5 (reasoning),both
p_26,no,gpt-5.5 (reasoning),both
p_3,no,gpt-5.5 (reasoning),both
p_21,no,gpt-5.5 (reasoning),both
p_41,no,gpt-5.5 (reasoning),both
p_37,no,gpt-5.5 (reasoning),both
jacob_4.7,no,gpt-5.5 (reasoning),both
p_4,no,gpt-5.5 (reasoning),both
p_57,no,gpt-5.5 (reasoning),both
p_55,no,gpt-5.5 (reasoning),both
p_5,no,gpt-5.5 (reasoning),both
p_56,no,gpt-5.5 (reasoning),both
p_7,no,gpt-5.5 (reasoning),both
p_96,no,gpt-5.5 (reasoning),both
p_70,no,gpt-5.5 (reasoning),both
p_6,no,gpt-5.5 (reasoning),both
turner_1,no,gpt-5.5 (reasoning),both
snp_9,no,gpt-5.5 (reasoning),both
turner_2,no,gpt-5.5 (reasoning),both
p_73,no,gpt-5.5 (reasoning),both
p_102,no,gpt-5.5 (reasoning),both
air_89,yes,gpt-5.5 (reasoning),both
2.14,no,gpt-5.5 (reasoning),both
holton_2,no,gpt-5.5 (reasoning),both
holton_53,no,gpt-5.5 (reasoning),both
air_148,no,gpt-5.5 (reasoning),both
air_137,no,gpt-5.5 (reasoning),both
air_143,no,gpt-5.5 (reasoning),both
air_165,no,gpt-5.5 (reasoning),both
air_229,no,gpt-5.5 (reasoning),both
air_206,no,gpt-5.5 (reasoning),both
air_231,yes,gpt-5.5 (reasoning),both
air_306,no,gpt-5.5 (reasoning),both
air_105,no,gpt-5.5 (reasoning),both
air_322,no,gpt-5.5 (reasoning),both
air_351,no,gpt-5.5 (reasoning),both
air_334,no,gpt-5.5 (reasoning),both
air_342,no,gpt-5.5 (reasoning),both
air_408,no,gpt-5.5 (reasoning),both
dn_13.4,no,gpt-5.5 (reasoning),both
dn_15.18,no,gpt-5.5 (reasoning),both
air_361,no,gpt-5.5 (reasoning),both
air_269,no,gpt-5.5 (reasoning),both
fp_11.2,no,gpt-5.5 (reasoning),both
holton_10,no,gpt-5.5 (reasoning),both
holton_13,no,gpt-5.5 (reasoning),both
jacob_4.8,yes,gpt-5.5 (reasoning),both
jacobson_2.14,no,gpt-5.5 (reasoning),both
p_124,no,gpt-5.5 (reasoning),both
p_93,no,gpt-5.5 (reasoning),both
jacobson_4.6,no,gpt-5.5 (reasoning),both
jacobson_5.2,no,gpt-5.5 (reasoning),both
air_108,no,gpt-5.5 (reasoning),both
air_126,no,gpt-5.5 (reasoning),both
air_238,no,gpt-5.5 (reasoning),both
snp_64,no,gpt-5.5 (reasoning),both
dn_14.10,no,gpt-5.5 (reasoning),both
jacobson_14.1,no,gpt-5.5 (reasoning),both
11.1,no,gpt-5.5,both
4.3,no,gpt-5.5,both
6.1.4,no,gpt-5.5,both
7.4,no,gpt-5.5,both
air_63,no,gpt-5.5,both
air_71,no,gpt-5.5,both
air_72,no,gpt-5.5,both
air_88,no,gpt-5.5,both
air_91,no,gpt-5.5,both
air_92,no,gpt-5.5,both
air_98,no,gpt-5.5,both
air_103,no,gpt-5.5,both
air_106,no,gpt-5.5,both
air_104,no,gpt-5.5,both
air_123,no,gpt-5.5,both
air_119,no,gpt-5.5,both
air_122,no,gpt-5.5,both
air_124,no,gpt-5.5,fragile
air_130,no,gpt-5.5,both
air_138,no,gpt-5.5,both
air_139,no,gpt-5.5,both
air_145,no,gpt-5.5,both
air_146,no,gpt-5.5,both
air_149,no,gpt-5.5,neither
air_154,no,gpt-5.5,both
air_159,no,gpt-5.5,both
air_167,no,gpt-5.5,both
air_168,no,gpt-5.5,both
air_172,no,gpt-5.5,both
air_173,no,gpt-5.5,both
air_178,no,gpt-5.5,both
air_182,no,gpt-5.5,both
air_198,no,gpt-5.5,both
air_201,no,gpt-5.5,both
air_203,no,gpt-5.5,both
air_205,no,gpt-5.5,both
air_212,no,gpt-5.5,both
air_213,no,gpt-5.5,both
air_214,no,gpt-5.5,both
air_228,no,gpt-5.5,both
air_235,no,gpt-5.5,both
air_236,no,gpt-5.5,both
air_239,no,gpt-5.5,both
air_246,no,gpt-5.5,both
air_248,no,gpt-5.5,neither
air_243,no,gpt-5.5,both
air_251,no,gpt-5.5,both
air_250,no,gpt-5.5,both
air_252,no,gpt-5.5,both
air_256,no,gpt-5.5,both
air_273,no,gpt-5.5,both
air_282,no,gpt-5.5,both
air_284,no,gpt-5.5,both
air_285,no,gpt-5.5,both
air_289,no,gpt-5.5,both
air_292,no,gpt-5.5,both
air_296,no,gpt-5.5,both
air_300,no,gpt-5.5,both
air_301,no,gpt-5.5,both
air_305,no,gpt-5.5,both
air_315,no,gpt-5.5,both
air_314,no,gpt-5.5,both
air_318,no,gpt-5.5,both
air_320,no,gpt-5.5,both
air_321,no,gpt-5.5,both
air_323,no,gpt-5.5,both
air_326,no,gpt-5.5,both
air_328,no,gpt-5.5,both
air_335,no,gpt-5.5,both
air_346,no,gpt-5.5,both
air_355,no,gpt-5.5,both
air_368,no,gpt-5.5,both
air_371,no,gpt-5.5,both
air_363,no,gpt-5.5,both
air_369,no,gpt-5.5,gained
air_382,no,gpt-5.5,both
air_405,no,gpt-5.5,both
p_0,no,gpt-5.5,both
p_10,no,gpt-5.5,fragile
p_11,no,gpt-5.5,both
2.4,no,gpt-5.5,both
2.3,no,gpt-5.5,both
2.7,no,gpt-5.5,both
2.13,no,gpt-5.5,both
2.15,no,gpt-5.5,both
5.2,no,gpt-5.5,both
5.7,no,gpt-5.5,both
6.1,no,gpt-5.5,both
6.2,no,gpt-5.5,both
p_2,no,gpt-5.5,both
7.1,no,gpt-5.5,both
5.10,no,gpt-5.5,both
p_16,no,gpt-5.5,both
p_23,no,gpt-5.5,both
p_35,no,gpt-5.5,both
p_38,no,gpt-5.5,both
p_40,no,gpt-5.5,both
p_51,no,gpt-5.5,both
p_52,no,gpt-5.5,both
p_54,no,gpt-5.5,both
p_61,no,gpt-5.5,both
p_63,no,gpt-5.5,both
p_71,no,gpt-5.5,both
p_72,no,gpt-5.5,both
p_83,no,gpt-5.5,both
p_84,no,gpt-5.5,both
p_85,no,gpt-5.5,both
p_95,no,gpt-5.5,both
p_99,no,gpt-5.5,both
p_104,no,gpt-5.5,both
p_107,no,gpt-5.5,both
p_109,no,gpt-5.5,both
p_108,no,gpt-5.5,both
p_111,no,gpt-5.5,both
p_112,no,gpt-5.5,both
p_123,no,gpt-5.5,both
p_127,no,gpt-5.5,both
3.2,no,gpt-5.5,both
6.9,yes,gpt-5.5,both
air_174,no,gpt-5.5,both
turner_3,no,gpt-5.5,both
turner_23,no,gpt-5.5,both
snp_6,no,gpt-5.5,both
holton_44,no,gpt-5.5,both
snp_37,no,gpt-5.5,both
snp_12,no,gpt-5.5,both
holton_22,no,gpt-5.5,fragile
holton_52,no,gpt-5.5,neither
holton_8,no,gpt-5.5,both
holton_28,no,gpt-5.5,both
holton_50,no,gpt-5.5,fragile
snp_45,yes,gpt-5.5,both
snp_19,no,gpt-5.5,both
holton_58,no,gpt-5.5,both
snp_50,yes,gpt-5.5,both
holton_34,no,gpt-5.5,both
snp_7,no,gpt-5.5,both
holton_5,no,gpt-5.5,both
snp_67,no,gpt-5.5,both
snp_4,no,gpt-5.5,both
jacob_2.1,no,gpt-5.5,both
holton_38,no,gpt-5.5,both
snp_15,no,gpt-5.5,both
holton_27,no,gpt-5.5,both
holton_60,no,gpt-5.5,gained
holton_62,no,gpt-5.5,both
holton_16,no,gpt-5.5,neither
snp_72,no,gpt-5.5,both
snp_56,no,gpt-5.5,both
holton_30,no,gpt-5.5,both
snp_5,no,gpt-5.5,both
snp_99,no,gpt-5.5,both
snp_85,no,gpt-5.5,fragile
snp_43,no,gpt-5.5,both
snp_68,no,gpt-5.5,both
holton_1,no,gpt-5.5,both
snp_49,no,gpt-5.5,both
snp_8,no,gpt-5.5,both
holton_11,no,gpt-5.5,both
holton_19,no,gpt-5.5,both
holton_33,yes,gpt-5.5,both
holton_51,no,gpt-5.5,both
jacob_13.4,no,gpt-5.5,both
snp_22,no,gpt-5.5,both
4.4,no,gpt-5.5,both
2.2,no,gpt-5.5,both
4.8,no,gpt-5.5,fragile
3.11,no,gpt-5.5,both
5.11,no,gpt-5.5,both
4.9,no,gpt-5.5,both
8.7,no,gpt-5.5,both
3.8,no,gpt-5.5,both
5.9,no,gpt-5.5,both
air_116,no,gpt-5.5,both
air_234,no,gpt-5.5,both
jacob_12.1,no,gpt-5.5,fragile
snp_94,no,gpt-5.5,both
snp_30,no,gpt-5.5,both
ry_1.3,no,gpt-5.5,both
ry_1.6,no,gpt-5.5,both
ry_3.5,no,gpt-5.5,both
ry_12.5,no,gpt-5.5,both
ry_13.7,no,gpt-5.5,both
dn_12.1,no,gpt-5.5,both
dn_6.27,no,gpt-5.5,both
dn_9.27,no,gpt-5.5,both
dn_4.15,no,gpt-5.5,both
dn_10.44,no,gpt-5.5,both
fp_2.4,no,gpt-5.5,both
fp_2.1,no,gpt-5.5,both
fp_12.2,no,gpt-5.5,both
fp_12.1,no,gpt-5.5,both
fp_2.5,no,gpt-5.5,both
ca_3.9,no,gpt-5.5,both
ca_10.5,no,gpt-5.5,both
ca_15.7,no,gpt-5.5,both
air_121,no,gpt-5.5,both
air_226,no,gpt-5.5,both
dn_6.31,no,gpt-5.5,both
dn_8.4,no,gpt-5.5,both
jacobson_2.1,no,gpt-5.5,both
jacobson_2.13,no,gpt-5.5,both
jacobson_2.6,no,gpt-5.5,both
jacobson_3.5,no,gpt-5.5,both
jacobson_4.1,no,gpt-5.5,both
jacobson_4.5,no,gpt-5.5,both
jacobson_3.6(a),no,gpt-5.5,both
jacobson_2.16,no,gpt-5.5,both
jacobson_2.7,no,gpt-5.5,both
jacobson_3.6(c),no,gpt-5.5,both
jacobson_2.17,no,gpt-5.5,both
jacobson_4.8,no,gpt-5.5,both
jacobson_2.5,no,gpt-5.5,both
jacobson_18.6,no,gpt-5.5,both
jacobson_13.2,no,gpt-5.5,both
jacobson_38,no,gpt-5.5,both
jacobson_18.1,no,gpt-5.5,both
jacobson_18.8(a),no,gpt-5.5,both
jacobson_2.19,no,gpt-5.5,both
air_102,no,gpt-5.5,both
air_107,no,gpt-5.5,both
air_0,no,gpt-5.5,both
1.2,no,gpt-5.5,both
air_110,no,gpt-5.5,both
air_111,no,gpt-5.5,both
air_120,no,gpt-5.5,both
1.1,no,gpt-5.5,both
air_125,no,gpt-5.5,both
air_132,no,gpt-5.5,both
10.3,no,gpt-5.5,both
air_133,no,gpt-5.5,both
air_147,no,gpt-5.5,both
air_170,no,gpt-5.5,both
air_177,no,gpt-5.5,both
air_183,no,gpt-5.5,both
air_187,no,gpt-5.5,both
air_197,no,gpt-5.5,both
air_215,no,gpt-5.5,both
air_224,no,gpt-5.5,both
air_227,no,gpt-5.5,both
air_259,no,gpt-5.5,both
air_255,no,gpt-5.5,both
air_220,no,gpt-5.5,both
air_261,no,gpt-5.5,both
air_290,no,gpt-5.5,both
air_299,yes,gpt-5.5,both
air_263,no,gpt-5.5,both
air_3,no,gpt-5.5,both
air_308,no,gpt-5.5,both
air_310,no,gpt-5.5,both
air_264,no,gpt-5.5,both
air_304,yes,gpt-5.5,both
air_330,no,gpt-5.5,both
air_339,no,gpt-5.5,both
air_338,no,gpt-5.5,both
air_347,no,gpt-5.5,both
air_349,no,gpt-5.5,both
air_345,no,gpt-5.5,both
air_362,no,gpt-5.5,both
air_379,no,gpt-5.5,both
air_380,yes,gpt-5.5,both
air_385,yes,gpt-5.5,both
air_395,no,gpt-5.5,both
air_59,no,gpt-5.5,both
air_360,no,gpt-5.5,fragile
air_64,no,gpt-5.5,both
air_68,no,gpt-5.5,both
air_99,no,gpt-5.5,both
dn_10.28,no,gpt-5.5,both
air_90,no,gpt-5.5,both
holton_40,no,gpt-5.5,both
air_392,no,gpt-5.5,both
holton_36,no,gpt-5.5,both
holton_76,no,gpt-5.5,both
holton_7,no,gpt-5.5,both
jacob_13.2,no,gpt-5.5,gained
holton_56,no,gpt-5.5,both
p_101,yes,gpt-5.5,both
ca_10.7,no,gpt-5.5,both
p_103,no,gpt-5.5,both
p_106,no,gpt-5.5,both
p_113,no,gpt-5.5,both
p_110,no,gpt-5.5,both
p_114,no,gpt-5.5,both
p_115,no,gpt-5.5,both
p_22,no,gpt-5.5,both
p_12,no,gpt-5.5,both
p_20,no,gpt-5.5,both
p_25,no,gpt-5.5,both
p_26,no,gpt-5.5,both
p_3,no,gpt-5.5,both
p_21,no,gpt-5.5,both
p_41,no,gpt-5.5,both
p_37,no,gpt-5.5,both
jacob_4.7,no,gpt-5.5,both
p_4,no,gpt-5.5,both
p_57,no,gpt-5.5,both
p_55,no,gpt-5.5,both
p_5,no,gpt-5.5,both
p_56,no,gpt-5.5,both
p_7,no,gpt-5.5,both
p_96,no,gpt-5.5,both
p_70,no,gpt-5.5,both
p_6,no,gpt-5.5,both
turner_1,no,gpt-5.5,both
snp_9,no,gpt-5.5,both
turner_2,no,gpt-5.5,both
p_73,no,gpt-5.5,both
p_102,no,gpt-5.5,both
air_89,yes,gpt-5.5,both
2.14,no,gpt-5.5,both
holton_2,no,gpt-5.5,both
holton_53,no,gpt-5.5,both
air_148,no,gpt-5.5,both
air_137,no,gpt-5.5,both
air_143,no,gpt-5.5,both
air_165,no,gpt-5.5,both
air_229,no,gpt-5.5,fragile
air_206,no,gpt-5.5,both
air_231,yes,gpt-5.5,both
air_306,no,gpt-5.5,both
air_105,no,gpt-5.5,both
air_322,no,gpt-5.5,both
air_351,no,gpt-5.5,both
air_334,no,gpt-5.5,both
air_342,no,gpt-5.5,both
air_408,no,gpt-5.5,both
dn_13.4,no,gpt-5.5,both
dn_15.18,no,gpt-5.5,both
air_361,no,gpt-5.5,both
air_269,no,gpt-5.5,both
fp_11.2,no,gpt-5.5,both
holton_10,no,gpt-5.5,both
holton_13,no,gpt-5.5,both
jacob_4.8,yes,gpt-5.5,both
jacobson_2.14,no,gpt-5.5,both
p_124,no,gpt-5.5,both
p_93,no,gpt-5.5,both
jacobson_4.6,no,gpt-5.5,gained
jacobson_5.2,no,gpt-5.5,both
air_108,no,gpt-5.5,both
air_126,no,gpt-5.5,both
air_238,no,gpt-5.5,both
snp_64,no,gpt-5.5,gained
dn_14.10,no,gpt-5.5,both
jacobson_14.1,no,gpt-5.5,neither
11.1,no,Kimi K2.6 (reasoning),both
4.3,no,Kimi K2.6 (reasoning),both
6.1.4,no,Kimi K2.6 (reasoning),both
7.4,no,Kimi K2.6 (reasoning),both
air_63,no,Kimi K2.6 (reasoning),both
air_71,no,Kimi K2.6 (reasoning),both
air_72,no,Kimi K2.6 (reasoning),both
air_88,no,Kimi K2.6 (reasoning),both
air_91,no,Kimi K2.6 (reasoning),both
air_92,no,Kimi K2.6 (reasoning),both
air_98,no,Kimi K2.6 (reasoning),both
air_103,no,Kimi K2.6 (reasoning),both
air_106,no,Kimi K2.6 (reasoning),both
air_104,no,Kimi K2.6 (reasoning),both
air_123,no,Kimi K2.6 (reasoning),both
air_119,no,Kimi K2.6 (reasoning),both
air_122,no,Kimi K2.6 (reasoning),both
air_124,no,Kimi K2.6 (reasoning),both
air_130,no,Kimi K2.6 (reasoning),both
air_138,no,Kimi K2.6 (reasoning),both
air_139,no,Kimi K2.6 (reasoning),both
air_145,no,Kimi K2.6 (reasoning),both
air_146,no,Kimi K2.6 (reasoning),both
air_149,no,Kimi K2.6 (reasoning),fragile
air_154,no,Kimi K2.6 (reasoning),both
air_159,no,Kimi K2.6 (reasoning),both
air_167,no,Kimi K2.6 (reasoning),both
air_168,no,Kimi K2.6 (reasoning),both
air_172,no,Kimi K2.6 (reasoning),both
air_173,no,Kimi K2.6 (reasoning),both
air_178,no,Kimi K2.6 (reasoning),both
air_182,no,Kimi K2.6 (reasoning),both
air_198,no,Kimi K2.6 (reasoning),both
air_201,no,Kimi K2.6 (reasoning),gained
air_203,no,Kimi K2.6 (reasoning),both
air_205,no,Kimi K2.6 (reasoning),both
air_212,no,Kimi K2.6 (reasoning),both
air_213,no,Kimi K2.6 (reasoning),both
air_214,no,Kimi K2.6 (reasoning),both
air_228,no,Kimi K2.6 (reasoning),both
air_235,no,Kimi K2.6 (reasoning),both
air_236,no,Kimi K2.6 (reasoning),both
air_239,no,Kimi K2.6 (reasoning),both
air_246,no,Kimi K2.6 (reasoning),both
air_248,no,Kimi K2.6 (reasoning),both
air_243,no,Kimi K2.6 (reasoning),both
air_251,no,Kimi K2.6 (reasoning),both
air_250,no,Kimi K2.6 (reasoning),both
air_252,no,Kimi K2.6 (reasoning),both
air_256,no,Kimi K2.6 (reasoning),both
air_273,no,Kimi K2.6 (reasoning),both
air_282,no,Kimi K2.6 (reasoning),both
air_284,no,Kimi K2.6 (reasoning),both
air_285,no,Kimi K2.6 (reasoning),both
air_289,no,Kimi K2.6 (reasoning),both
air_292,no,Kimi K2.6 (reasoning),both
air_296,no,Kimi K2.6 (reasoning),both
air_300,no,Kimi K2.6 (reasoning),both
air_301,no,Kimi K2.6 (reasoning),both
air_305,no,Kimi K2.6 (reasoning),both
air_315,no,Kimi K2.6 (reasoning),both
air_314,no,Kimi K2.6 (reasoning),both
air_318,no,Kimi K2.6 (reasoning),both
air_320,no,Kimi K2.6 (reasoning),both
air_321,no,Kimi K2.6 (reasoning),both
air_323,no,Kimi K2.6 (reasoning),both
air_326,no,Kimi K2.6 (reasoning),both
air_328,no,Kimi K2.6 (reasoning),both
air_335,no,Kimi K2.6 (reasoning),both
air_346,no,Kimi K2.6 (reasoning),neither
air_355,no,Kimi K2.6 (reasoning),both
air_368,no,Kimi K2.6 (reasoning),both
air_371,no,Kimi K2.6 (reasoning),both
air_363,no,Kimi K2.6 (reasoning),both
air_369,no,Kimi K2.6 (reasoning),fragile
air_382,no,Kimi K2.6 (reasoning),both
air_405,no,Kimi K2.6 (reasoning),both
p_0,no,Kimi K2.6 (reasoning),both
p_10,no,Kimi K2.6 (reasoning),both
p_11,no,Kimi K2.6 (reasoning),both
2.4,no,Kimi K2.6 (reasoning),both
2.3,no,Kimi K2.6 (reasoning),both
2.7,no,Kimi K2.6 (reasoning),both
2.13,no,Kimi K2.6 (reasoning),both
2.15,no,Kimi K2.6 (reasoning),both
5.2,no,Kimi K2.6 (reasoning),both
5.7,no,Kimi K2.6 (reasoning),both
6.1,no,Kimi K2.6 (reasoning),both
6.2,no,Kimi K2.6 (reasoning),both
p_2,no,Kimi K2.6 (reasoning),both
7.1,no,Kimi K2.6 (reasoning),both
5.10,no,Kimi K2.6 (reasoning),both
p_16,no,Kimi K2.6 (reasoning),both
p_23,no,Kimi K2.6 (reasoning),both
p_35,no,Kimi K2.6 (reasoning),both
p_38,no,Kimi K2.6 (reasoning),both
p_40,no,Kimi K2.6 (reasoning),both
p_51,no,Kimi K2.6 (reasoning),both
p_52,no,Kimi K2.6 (reasoning),both
p_54,no,Kimi K2.6 (reasoning),both
p_61,no,Kimi K2.6 (reasoning),both
p_63,no,Kimi K2.6 (reasoning),both
p_71,no,Kimi K2.6 (reasoning),both
p_72,no,Kimi K2.6 (reasoning),both
p_83,no,Kimi K2.6 (reasoning),both
p_84,no,Kimi K2.6 (reasoning),both
p_85,no,Kimi K2.6 (reasoning),both
p_95,no,Kimi K2.6 (reasoning),both
p_99,no,Kimi K2.6 (reasoning),both
p_104,no,Kimi K2.6 (reasoning),both
p_107,no,Kimi K2.6 (reasoning),both
p_109,no,Kimi K2.6 (reasoning),both
p_108,no,Kimi K2.6 (reasoning),both
p_111,no,Kimi K2.6 (reasoning),both
p_112,no,Kimi K2.6 (reasoning),both
p_123,no,Kimi K2.6 (reasoning),both
p_127,no,Kimi K2.6 (reasoning),both
3.2,no,Kimi K2.6 (reasoning),both
6.9,yes,Kimi K2.6 (reasoning),neither
air_174,no,Kimi K2.6 (reasoning),both
turner_3,no,Kimi K2.6 (reasoning),both
turner_23,no,Kimi K2.6 (reasoning),both
snp_6,no,Kimi K2.6 (reasoning),both
holton_44,no,Kimi K2.6 (reasoning),both
snp_37,no,Kimi K2.6 (reasoning),both
snp_12,no,Kimi K2.6 (reasoning),both
holton_22,no,Kimi K2.6 (reasoning),both
holton_52,no,Kimi K2.6 (reasoning),both
holton_8,no,Kimi K2.6 (reasoning),both
holton_28,no,Kimi K2.6 (reasoning),both
holton_50,no,Kimi K2.6 (reasoning),both
snp_45,yes,Kimi K2.6 (reasoning),both
snp_19,no,Kimi K2.6 (reasoning),both
holton_58,no,Kimi K2.6 (reasoning),both
snp_50,yes,Kimi K2.6 (reasoning),both
holton_34,no,Kimi K2.6 (reasoning),both
snp_7,no,Kimi K2.6 (reasoning),both
holton_5,no,Kimi K2.6 (reasoning),fragile
snp_67,no,Kimi K2.6 (reasoning),both
snp_4,no,Kimi K2.6 (reasoning),both
jacob_2.1,no,Kimi K2.6 (reasoning),both
holton_38,no,Kimi K2.6 (reasoning),both
snp_15,no,Kimi K2.6 (reasoning),both
holton_27,no,Kimi K2.6 (reasoning),both
holton_60,no,Kimi K2.6 (reasoning),both
holton_62,no,Kimi K2.6 (reasoning),both
holton_16,no,Kimi K2.6 (reasoning),both
snp_72,no,Kimi K2.6 (reasoning),both
snp_56,no,Kimi K2.6 (reasoning),both
holton_30,no,Kimi K2.6 (reasoning),both
snp_5,no,Kimi K2.6 (reasoning),both
snp_99,no,Kimi K2.6 (reasoning),both
snp_85,no,Kimi K2.6 (reasoning),fragile
snp_43,no,Kimi K2.6 (reasoning),both
snp_68,no,Kimi K2.6 (reasoning),both
holton_1,no,Kimi K2.6 (reasoning),both
snp_49,no,Kimi K2.6 (reasoning),both
snp_8,no,Kimi K2.6 (reasoning),both
holton_11,no,Kimi K2.6 (reasoning),both
holton_19,no,Kimi K2.6 (reasoning),both
holton_33,yes,Kimi K2.6 (reasoning),both
holton_51,no,Kimi K2.6 (reasoning),both
jacob_13.4,no,Kimi K2.6 (reasoning),both
snp_22,no,Kimi K2.6 (reasoning),both
4.4,no,Kimi K2.6 (reasoning),both
2.2,no,Kimi K2.6 (reasoning),both
4.8,no,Kimi K2.6 (reasoning),both
3.11,no,Kimi K2.6 (reasoning),both
5.11,no,Kimi K2.6 (reasoning),both
4.9,no,Kimi K2.6 (reasoning),both
8.7,no,Kimi K2.6 (reasoning),both
3.8,no,Kimi K2.6 (reasoning),both
5.9,no,Kimi K2.6 (reasoning),fragile
air_116,no,Kimi K2.6 (reasoning),both
air_234,no,Kimi K2.6 (reasoning),both
jacob_12.1,no,Kimi K2.6 (reasoning),both
snp_94,no,Kimi K2.6 (reasoning),both
snp_30,no,Kimi K2.6 (reasoning),both
ry_1.3,no,Kimi K2.6 (reasoning),both
ry_1.6,no,Kimi K2.6 (reasoning),both
ry_3.5,no,Kimi K2.6 (reasoning),both
ry_12.5,no,Kimi K2.6 (reasoning),both
ry_13.7,no,Kimi K2.6 (reasoning),both
dn_12.1,no,Kimi K2.6 (reasoning),both
dn_6.27,no,Kimi K2.6 (reasoning),both
dn_9.27,no,Kimi K2.6 (reasoning),both
dn_4.15,no,Kimi K2.6 (reasoning),both
dn_10.44,no,Kimi K2.6 (reasoning),both
fp_2.4,no,Kimi K2.6 (reasoning),both
fp_2.1,no,Kimi K2.6 (reasoning),both
fp_12.2,no,Kimi K2.6 (reasoning),both
fp_12.1,no,Kimi K2.6 (reasoning),both
fp_2.5,no,Kimi K2.6 (reasoning),both
ca_3.9,no,Kimi K2.6 (reasoning),both
ca_10.5,no,Kimi K2.6 (reasoning),both
ca_15.7,no,Kimi K2.6 (reasoning),both
air_121,no,Kimi K2.6 (reasoning),both
air_226,no,Kimi K2.6 (reasoning),both
dn_6.31,no,Kimi K2.6 (reasoning),fragile
dn_8.4,no,Kimi K2.6 (reasoning),both
jacobson_2.1,no,Kimi K2.6 (reasoning),both
jacobson_2.13,no,Kimi K2.6 (reasoning),both
jacobson_2.6,no,Kimi K2.6 (reasoning),both
jacobson_3.5,no,Kimi K2.6 (reasoning),both
jacobson_4.1,no,Kimi K2.6 (reasoning),both
jacobson_4.5,no,Kimi K2.6 (reasoning),both
jacobson_3.6(a),no,Kimi K2.6 (reasoning),both
jacobson_2.16,no,Kimi K2.6 (reasoning),both
jacobson_2.7,no,Kimi K2.6 (reasoning),both
jacobson_3.6(c),no,Kimi K2.6 (reasoning),both
jacobson_2.17,no,Kimi K2.6 (reasoning),both
jacobson_4.8,no,Kimi K2.6 (reasoning),both
jacobson_2.5,no,Kimi K2.6 (reasoning),both
jacobson_18.6,no,Kimi K2.6 (reasoning),both
jacobson_13.2,no,Kimi K2.6 (reasoning),both
jacobson_38,no,Kimi K2.6 (reasoning),both
jacobson_18.1,no,Kimi K2.6 (reasoning),both
jacobson_18.8(a),no,Kimi K2.6 (reasoning),both
jacobson_2.19,no,Kimi K2.6 (reasoning),both
air_102,no,Kimi K2.6 (reasoning),both
air_107,no,Kimi K2.6 (reasoning),both
air_0,no,Kimi K2.6 (reasoning),both
1.2,no,Kimi K2.6 (reasoning),both
air_110,no,Kimi K2.6 (reasoning),both
air_111,no,Kimi K2.6 (reasoning),both
air_120,no,Kimi K2.6 (reasoning),both
1.1,no,Kimi K2.6 (reasoning),both
air_125,no,Kimi K2.6 (reasoning),both
air_132,no,Kimi K2.6 (reasoning),both
10.3,no,Kimi K2.6 (reasoning),both
air_133,no,Kimi K2.6 (reasoning),both
air_147,no,Kimi K2.6 (reasoning),both
air_170,no,Kimi K2.6 (reasoning),both
air_177,no,Kimi K2.6 (reasoning),both
air_183,no,Kimi K2.6 (reasoning),both
air_187,no,Kimi K2.6 (reasoning),both
air_197,no,Kimi K2.6 (reasoning),both
air_215,no,Kimi K2.6 (reasoning),both
air_224,no,Kimi K2.6 (reasoning),both
air_227,no,Kimi K2.6 (reasoning),both
air_259,no,Kimi K2.6 (reasoning),both
air_255,no,Kimi K2.6 (reasoning),both
air_220,no,Kimi K2.6 (reasoning),both
air_261,no,Kimi K2.6 (reasoning),both
air_290,no,Kimi K2.6 (reasoning),both
air_299,yes,Kimi K2.6 (reasoning),both
air_263,no,Kimi K2.6 (reasoning),both
air_3,no,Kimi K2.6 (reasoning),both
air_308,no,Kimi K2.6 (reasoning),both
air_310,no,Kimi K2.6 (reasoning),both
air_264,no,Kimi K2.6 (reasoning),both
air_304,yes,Kimi K2.6 (reasoning),both
air_330,no,Kimi K2.6 (reasoning),both
air_339,no,Kimi K2.6 (reasoning),both
air_338,no,Kimi K2.6 (reasoning),both
air_347,no,Kimi K2.6 (reasoning),both
air_349,no,Kimi K2.6 (reasoning),both
air_345,no,Kimi K2.6 (reasoning),both
air_362,no,Kimi K2.6 (reasoning),both
air_379,no,Kimi K2.6 (reasoning),both
air_380,yes,Kimi K2.6 (reasoning),both
air_385,yes,Kimi K2.6 (reasoning),both
air_395,no,Kimi K2.6 (reasoning),both
air_59,no,Kimi K2.6 (reasoning),both
air_360,no,Kimi K2.6 (reasoning),fragile
air_64,no,Kimi K2.6 (reasoning),both
air_68,no,Kimi K2.6 (reasoning),both
air_99,no,Kimi K2.6 (reasoning),both
dn_10.28,no,Kimi K2.6 (reasoning),both
air_90,no,Kimi K2.6 (reasoning),both
holton_40,no,Kimi K2.6 (reasoning),both
air_392,no,Kimi K2.6 (reasoning),both
holton_36,no,Kimi K2.6 (reasoning),both
holton_76,no,Kimi K2.6 (reasoning),both
holton_7,no,Kimi K2.6 (reasoning),both
jacob_13.2,no,Kimi K2.6 (reasoning),both
holton_56,no,Kimi K2.6 (reasoning),both
p_101,yes,Kimi K2.6 (reasoning),both
ca_10.7,no,Kimi K2.6 (reasoning),both
p_103,no,Kimi K2.6 (reasoning),both
p_106,no,Kimi K2.6 (reasoning),both
p_113,no,Kimi K2.6 (reasoning),both
p_110,no,Kimi K2.6 (reasoning),both
p_114,no,Kimi K2.6 (reasoning),both
p_115,no,Kimi K2.6 (reasoning),both
p_22,no,Kimi K2.6 (reasoning),both
p_12,no,Kimi K2.6 (reasoning),both
p_20,no,Kimi K2.6 (reasoning),both
p_25,no,Kimi K2.6 (reasoning),both
p_26,no,Kimi K2.6 (reasoning),both
p_3,no,Kimi K2.6 (reasoning),both
p_21,no,Kimi K2.6 (reasoning),both
p_41,no,Kimi K2.6 (reasoning),both
p_37,no,Kimi K2.6 (reasoning),both
jacob_4.7,no,Kimi K2.6 (reasoning),both
p_4,no,Kimi K2.6 (reasoning),both
p_57,no,Kimi K2.6 (reasoning),both
p_55,no,Kimi K2.6 (reasoning),both
p_5,no,Kimi K2.6 (reasoning),both
p_56,no,Kimi K2.6 (reasoning),both
p_7,no,Kimi K2.6 (reasoning),both
p_96,no,Kimi K2.6 (reasoning),both
p_70,no,Kimi K2.6 (reasoning),both
p_6,no,Kimi K2.6 (reasoning),both
turner_1,no,Kimi K2.6 (reasoning),both
snp_9,no,Kimi K2.6 (reasoning),both
turner_2,no,Kimi K2.6 (reasoning),both
p_73,no,Kimi K2.6 (reasoning),both
p_102,no,Kimi K2.6 (reasoning),both
air_89,yes,Kimi K2.6 (reasoning),both
2.14,no,Kimi K2.6 (reasoning),both
holton_2,no,Kimi K2.6 (reasoning),both
holton_53,no,Kimi K2.6 (reasoning),both
air_148,no,Kimi K2.6 (reasoning),both
air_137,no,Kimi K2.6 (reasoning),both
air_143,no,Kimi K2.6 (reasoning),both
air_165,no,Kimi K2.6 (reasoning),both
air_229,no,Kimi K2.6 (reasoning),both
air_206,no,Kimi K2.6 (reasoning),both
air_231,yes,Kimi K2.6 (reasoning),both
air_306,no,Kimi K2.6 (reasoning),both
air_105,no,Kimi K2.6 (reasoning),both
air_322,no,Kimi K2.6 (reasoning),both
air_351,no,Kimi K2.6 (reasoning),both
air_334,no,Kimi K2.6 (reasoning),both
air_342,no,Kimi K2.6 (reasoning),both
air_408,no,Kimi K2.6 (reasoning),both
dn_13.4,no,Kimi K2.6 (reasoning),both
dn_15.18,no,Kimi K2.6 (reasoning),both
air_361,no,Kimi K2.6 (reasoning),fragile
air_269,no,Kimi K2.6 (reasoning),both
fp_11.2,no,Kimi K2.6 (reasoning),fragile
holton_10,no,Kimi K2.6 (reasoning),both
holton_13,no,Kimi K2.6 (reasoning),both
jacob_4.8,yes,Kimi K2.6 (reasoning),both
jacobson_2.14,no,Kimi K2.6 (reasoning),both
p_124,no,Kimi K2.6 (reasoning),both
p_93,no,Kimi K2.6 (reasoning),both
jacobson_4.6,no,Kimi K2.6 (reasoning),both
jacobson_5.2,no,Kimi K2.6 (reasoning),both
air_108,no,Kimi K2.6 (reasoning),both
air_126,no,Kimi K2.6 (reasoning),both
air_238,no,Kimi K2.6 (reasoning),both
snp_64,no,Kimi K2.6 (reasoning),both
dn_14.10,no,Kimi K2.6 (reasoning),both
jacobson_14.1,no,Kimi K2.6 (reasoning),neither
11.1,no,Kimi K2.6,both
4.3,no,Kimi K2.6,both
6.1.4,no,Kimi K2.6,both
7.4,no,Kimi K2.6,both
air_63,no,Kimi K2.6,both
air_71,no,Kimi K2.6,both
air_72,no,Kimi K2.6,both
air_88,no,Kimi K2.6,both
air_91,no,Kimi K2.6,both
air_92,no,Kimi K2.6,both
air_98,no,Kimi K2.6,both
air_103,no,Kimi K2.6,both
air_106,no,Kimi K2.6,both
air_104,no,Kimi K2.6,both
air_123,no,Kimi K2.6,both
air_119,no,Kimi K2.6,both
air_122,no,Kimi K2.6,both
air_124,no,Kimi K2.6,both
air_130,no,Kimi K2.6,both
air_138,no,Kimi K2.6,both
air_139,no,Kimi K2.6,both
air_145,no,Kimi K2.6,both
air_146,no,Kimi K2.6,both
air_149,no,Kimi K2.6,both
air_154,no,Kimi K2.6,neither
air_159,no,Kimi K2.6,both
air_167,no,Kimi K2.6,both
air_168,no,Kimi K2.6,both
air_172,no,Kimi K2.6,both
air_173,no,Kimi K2.6,both
air_178,no,Kimi K2.6,both
air_182,no,Kimi K2.6,both
air_198,no,Kimi K2.6,both
air_201,no,Kimi K2.6,neither
air_203,no,Kimi K2.6,both
air_205,no,Kimi K2.6,both
air_212,no,Kimi K2.6,both
air_213,no,Kimi K2.6,both
air_214,no,Kimi K2.6,both
air_228,no,Kimi K2.6,both
air_235,no,Kimi K2.6,both
air_236,no,Kimi K2.6,both
air_239,no,Kimi K2.6,both
air_246,no,Kimi K2.6,both
air_248,no,Kimi K2.6,neither
air_243,no,Kimi K2.6,both
air_251,no,Kimi K2.6,both
air_250,no,Kimi K2.6,both
air_252,no,Kimi K2.6,both
air_256,no,Kimi K2.6,both
air_273,no,Kimi K2.6,both
air_282,no,Kimi K2.6,both
air_284,no,Kimi K2.6,both
air_285,no,Kimi K2.6,both
air_289,no,Kimi K2.6,both
air_292,no,Kimi K2.6,gained
air_296,no,Kimi K2.6,both
air_300,no,Kimi K2.6,both
air_301,no,Kimi K2.6,both
air_305,no,Kimi K2.6,both
air_315,no,Kimi K2.6,both
air_314,no,Kimi K2.6,both
air_318,no,Kimi K2.6,both
air_320,no,Kimi K2.6,both
air_321,no,Kimi K2.6,gained
air_323,no,Kimi K2.6,both
air_326,no,Kimi K2.6,both
air_328,no,Kimi K2.6,both
air_335,no,Kimi K2.6,both
air_346,no,Kimi K2.6,neither
air_355,no,Kimi K2.6,both
air_368,no,Kimi K2.6,both
air_371,no,Kimi K2.6,both
air_363,no,Kimi K2.6,both
air_369,no,Kimi K2.6,neither
air_382,no,Kimi K2.6,both
air_405,no,Kimi K2.6,both
p_0,no,Kimi K2.6,both
p_10,no,Kimi K2.6,both
p_11,no,Kimi K2.6,both
2.4,no,Kimi K2.6,both
2.3,no,Kimi K2.6,both
2.7,no,Kimi K2.6,both
2.13,no,Kimi K2.6,both
2.15,no,Kimi K2.6,both
5.2,no,Kimi K2.6,both
5.7,no,Kimi K2.6,both
6.1,no,Kimi K2.6,both
6.2,no,Kimi K2.6,both
p_2,no,Kimi K2.6,both
7.1,no,Kimi K2.6,both
5.10,no,Kimi K2.6,both
p_16,no,Kimi K2.6,both
p_23,no,Kimi K2.6,both
p_35,no,Kimi K2.6,both
p_38,no,Kimi K2.6,both
p_40,no,Kimi K2.6,both
p_51,no,Kimi K2.6,both
p_52,no,Kimi K2.6,both
p_54,no,Kimi K2.6,both
p_61,no,Kimi K2.6,both
p_63,no,Kimi K2.6,both
p_71,no,Kimi K2.6,both
p_72,no,Kimi K2.6,both
p_83,no,Kimi K2.6,both
p_84,no,Kimi K2.6,gained
p_85,no,Kimi K2.6,both
p_95,no,Kimi K2.6,both
p_99,no,Kimi K2.6,both
p_104,no,Kimi K2.6,both
p_107,no,Kimi K2.6,both
p_109,no,Kimi K2.6,both
p_108,no,Kimi K2.6,both
p_111,no,Kimi K2.6,both
p_112,no,Kimi K2.6,both
p_123,no,Kimi K2.6,both
p_127,no,Kimi K2.6,both
3.2,no,Kimi K2.6,both
6.9,yes,Kimi K2.6,neither
air_174,no,Kimi K2.6,both
turner_3,no,Kimi K2.6,both
turner_23,no,Kimi K2.6,gained
snp_6,no,Kimi K2.6,both
holton_44,no,Kimi K2.6,both
snp_37,no,Kimi K2.6,both
snp_12,no,Kimi K2.6,both
holton_22,no,Kimi K2.6,gained
holton_52,no,Kimi K2.6,both
holton_8,no,Kimi K2.6,both
holton_28,no,Kimi K2.6,both
holton_50,no,Kimi K2.6,both
snp_45,yes,Kimi K2.6,fragile
snp_19,no,Kimi K2.6,both
holton_58,no,Kimi K2.6,both
snp_50,yes,Kimi K2.6,both
holton_34,no,Kimi K2.6,both
snp_7,no,Kimi K2.6,both
holton_5,no,Kimi K2.6,gained
snp_67,no,Kimi K2.6,both
snp_4,no,Kimi K2.6,both
jacob_2.1,no,Kimi K2.6,fragile
holton_38,no,Kimi K2.6,both
snp_15,no,Kimi K2.6,both
holton_27,no,Kimi K2.6,both
holton_60,no,Kimi K2.6,both
holton_62,no,Kimi K2.6,neither
holton_16,no,Kimi K2.6,both
snp_72,no,Kimi K2.6,both
snp_56,no,Kimi K2.6,both
holton_30,no,Kimi K2.6,both
snp_5,no,Kimi K2.6,both
snp_99,no,Kimi K2.6,both
snp_85,no,Kimi K2.6,fragile
snp_43,no,Kimi K2.6,both
snp_68,no,Kimi K2.6,both
holton_1,no,Kimi K2.6,both
snp_49,no,Kimi K2.6,both
snp_8,no,Kimi K2.6,both
holton_11,no,Kimi K2.6,both
holton_19,no,Kimi K2.6,both
holton_33,yes,Kimi K2.6,both
holton_51,no,Kimi K2.6,both
jacob_13.4,no,Kimi K2.6,both
snp_22,no,Kimi K2.6,both
4.4,no,Kimi K2.6,both
2.2,no,Kimi K2.6,both
4.8,no,Kimi K2.6,both
3.11,no,Kimi K2.6,both
5.11,no,Kimi K2.6,gained
4.9,no,Kimi K2.6,both
8.7,no,Kimi K2.6,both
3.8,no,Kimi K2.6,both
5.9,no,Kimi K2.6,both
air_116,no,Kimi K2.6,both
air_234,no,Kimi K2.6,both
jacob_12.1,no,Kimi K2.6,both
snp_94,no,Kimi K2.6,both
snp_30,no,Kimi K2.6,both
ry_1.3,no,Kimi K2.6,both
ry_1.6,no,Kimi K2.6,both
ry_3.5,no,Kimi K2.6,both
ry_12.5,no,Kimi K2.6,both
ry_13.7,no,Kimi K2.6,both
dn_12.1,no,Kimi K2.6,both
dn_6.27,no,Kimi K2.6,both
dn_9.27,no,Kimi K2.6,both
dn_4.15,no,Kimi K2.6,both
dn_10.44,no,Kimi K2.6,both
fp_2.4,no,Kimi K2.6,both
fp_2.1,no,Kimi K2.6,both
fp_12.2,no,Kimi K2.6,both
fp_12.1,no,Kimi K2.6,both
fp_2.5,no,Kimi K2.6,both
ca_3.9,no,Kimi K2.6,both
ca_10.5,no,Kimi K2.6,both
ca_15.7,no,Kimi K2.6,both
air_121,no,Kimi K2.6,both
air_226,no,Kimi K2.6,both
dn_6.31,no,Kimi K2.6,both
dn_8.4,no,Kimi K2.6,both
jacobson_2.1,no,Kimi K2.6,both
jacobson_2.13,no,Kimi K2.6,both
jacobson_2.6,no,Kimi K2.6,both
jacobson_3.5,no,Kimi K2.6,both
jacobson_4.1,no,Kimi K2.6,both
jacobson_4.5,no,Kimi K2.6,both
jacobson_3.6(a),no,Kimi K2.6,both
jacobson_2.16,no,Kimi K2.6,both
jacobson_2.7,no,Kimi K2.6,both
jacobson_3.6(c),no,Kimi K2.6,both
jacobson_2.17,no,Kimi K2.6,both
jacobson_4.8,no,Kimi K2.6,both
jacobson_2.5,no,Kimi K2.6,both
jacobson_18.6,no,Kimi K2.6,both
jacobson_13.2,no,Kimi K2.6,both
jacobson_38,no,Kimi K2.6,both
jacobson_18.1,no,Kimi K2.6,both
jacobson_18.8(a),no,Kimi K2.6,both
jacobson_2.19,no,Kimi K2.6,both
air_102,no,Kimi K2.6,both
air_107,no,Kimi K2.6,both
air_0,no,Kimi K2.6,both
1.2,no,Kimi K2.6,both
air_110,no,Kimi K2.6,both
air_111,no,Kimi K2.6,both
air_120,no,Kimi K2.6,both
1.1,no,Kimi K2.6,gained
air_125,no,Kimi K2.6,both
air_132,no,Kimi K2.6,both
10.3,no,Kimi K2.6,both
air_133,no,Kimi K2.6,both
air_147,no,Kimi K2.6,both
air_170,no,Kimi K2.6,both
air_177,no,Kimi K2.6,both
air_183,no,Kimi K2.6,both
air_187,no,Kimi K2.6,both
air_197,no,Kimi K2.6,both
air_215,no,Kimi K2.6,both
air_224,no,Kimi K2.6,both
air_227,no,Kimi K2.6,both
air_259,no,Kimi K2.6,both
air_255,no,Kimi K2.6,both
air_220,no,Kimi K2.6,both
air_261,no,Kimi K2.6,both
air_290,no,Kimi K2.6,both
air_299,yes,Kimi K2.6,both
air_263,no,Kimi K2.6,both
air_3,no,Kimi K2.6,both
air_308,no,Kimi K2.6,both
air_310,no,Kimi K2.6,both
air_264,no,Kimi K2.6,both
air_304,yes,Kimi K2.6,both
air_330,no,Kimi K2.6,both
air_339,no,Kimi K2.6,both
air_338,no,Kimi K2.6,both
air_347,no,Kimi K2.6,both
air_349,no,Kimi K2.6,both
air_345,no,Kimi K2.6,both
air_362,no,Kimi K2.6,both
air_379,no,Kimi K2.6,both
air_380,yes,Kimi K2.6,both
air_385,yes,Kimi K2.6,both
air_395,no,Kimi K2.6,both
air_59,no,Kimi K2.6,both
air_360,no,Kimi K2.6,both
air_64,no,Kimi K2.6,both
air_68,no,Kimi K2.6,both
air_99,no,Kimi K2.6,both
dn_10.28,no,Kimi K2.6,both
air_90,no,Kimi K2.6,both
holton_40,no,Kimi K2.6,both
air_392,no,Kimi K2.6,both
holton_36,no,Kimi K2.6,both
holton_76,no,Kimi K2.6,both
holton_7,no,Kimi K2.6,both
jacob_13.2,no,Kimi K2.6,both
holton_56,no,Kimi K2.6,both
p_101,yes,Kimi K2.6,both
ca_10.7,no,Kimi K2.6,both
p_103,no,Kimi K2.6,both
p_106,no,Kimi K2.6,both
p_113,no,Kimi K2.6,both
p_110,no,Kimi K2.6,both
p_114,no,Kimi K2.6,both
p_115,no,Kimi K2.6,both
p_22,no,Kimi K2.6,both
p_12,no,Kimi K2.6,both
p_20,no,Kimi K2.6,both
p_25,no,Kimi K2.6,both
p_26,no,Kimi K2.6,both
p_3,no,Kimi K2.6,both
p_21,no,Kimi K2.6,both
p_41,no,Kimi K2.6,both
p_37,no,Kimi K2.6,both
jacob_4.7,no,Kimi K2.6,both
p_4,no,Kimi K2.6,both
p_57,no,Kimi K2.6,both
p_55,no,Kimi K2.6,both
p_5,no,Kimi K2.6,gained
p_56,no,Kimi K2.6,both
p_7,no,Kimi K2.6,both
p_96,no,Kimi K2.6,both
p_70,no,Kimi K2.6,both
p_6,no,Kimi K2.6,both
turner_1,no,Kimi K2.6,both
snp_9,no,Kimi K2.6,both
turner_2,no,Kimi K2.6,both
p_73,no,Kimi K2.6,both
p_102,no,Kimi K2.6,both
air_89,yes,Kimi K2.6,both
2.14,no,Kimi K2.6,both
holton_2,no,Kimi K2.6,both
holton_53,no,Kimi K2.6,both
air_148,no,Kimi K2.6,both
air_137,no,Kimi K2.6,both
air_143,no,Kimi K2.6,both
air_165,no,Kimi K2.6,both
air_229,no,Kimi K2.6,both
air_206,no,Kimi K2.6,both
air_231,yes,Kimi K2.6,both
air_306,no,Kimi K2.6,both
air_105,no,Kimi K2.6,both
air_322,no,Kimi K2.6,both
air_351,no,Kimi K2.6,both
air_334,no,Kimi K2.6,both
air_342,no,Kimi K2.6,both
air_408,no,Kimi K2.6,both
dn_13.4,no,Kimi K2.6,both
dn_15.18,no,Kimi K2.6,both
air_361,no,Kimi K2.6,both
air_269,no,Kimi K2.6,both
fp_11.2,no,Kimi K2.6,both
holton_10,no,Kimi K2.6,both
holton_13,no,Kimi K2.6,both
jacob_4.8,yes,Kimi K2.6,both
jacobson_2.14,no,Kimi K2.6,both
p_124,no,Kimi K2.6,both
p_93,no,Kimi K2.6,both
jacobson_4.6,no,Kimi K2.6,both
jacobson_5.2,no,Kimi K2.6,both
air_108,no,Kimi K2.6,both
air_126,no,Kimi K2.6,both
air_238,no,Kimi K2.6,both
snp_64,no,Kimi K2.6,both
dn_14.10,no,Kimi K2.6,both
jacobson_14.1,no,Kimi K2.6,fragile
11.1,no,Qwen-2.5-72B,neither
4.3,no,Qwen-2.5-72B,neither
6.1.4,no,Qwen-2.5-72B,fragile
7.4,no,Qwen-2.5-72B,neither
air_63,no,Qwen-2.5-72B,gained
air_71,no,Qwen-2.5-72B,both
air_72,no,Qwen-2.5-72B,both
air_88,no,Qwen-2.5-72B,both
air_91,no,Qwen-2.5-72B,both
air_92,no,Qwen-2.5-72B,both
air_98,no,Qwen-2.5-72B,both
air_103,no,Qwen-2.5-72B,gained
air_106,no,Qwen-2.5-72B,gained
air_104,no,Qwen-2.5-72B,neither
air_123,no,Qwen-2.5-72B,both
air_119,no,Qwen-2.5-72B,both
air_122,no,Qwen-2.5-72B,both
air_124,no,Qwen-2.5-72B,gained
air_130,no,Qwen-2.5-72B,both
air_138,no,Qwen-2.5-72B,neither
air_139,no,Qwen-2.5-72B,neither
air_145,no,Qwen-2.5-72B,neither
air_146,no,Qwen-2.5-72B,both
air_149,no,Qwen-2.5-72B,neither
air_154,no,Qwen-2.5-72B,neither
air_159,no,Qwen-2.5-72B,gained
air_167,no,Qwen-2.5-72B,both
air_168,no,Qwen-2.5-72B,both
air_172,no,Qwen-2.5-72B,gained
air_173,no,Qwen-2.5-72B,both
air_178,no,Qwen-2.5-72B,neither
air_182,no,Qwen-2.5-72B,neither
air_198,no,Qwen-2.5-72B,both
air_201,no,Qwen-2.5-72B,neither
air_203,no,Qwen-2.5-72B,both
air_205,no,Qwen-2.5-72B,fragile
air_212,no,Qwen-2.5-72B,neither
air_213,no,Qwen-2.5-72B,both
air_214,no,Qwen-2.5-72B,neither
air_228,no,Qwen-2.5-72B,neither
air_235,no,Qwen-2.5-72B,both
air_236,no,Qwen-2.5-72B,both
air_239,no,Qwen-2.5-72B,both
air_246,no,Qwen-2.5-72B,neither
air_248,no,Qwen-2.5-72B,neither
air_243,no,Qwen-2.5-72B,neither
air_251,no,Qwen-2.5-72B,both
air_250,no,Qwen-2.5-72B,neither
air_252,no,Qwen-2.5-72B,gained
air_256,no,Qwen-2.5-72B,neither
air_273,no,Qwen-2.5-72B,fragile
air_282,no,Qwen-2.5-72B,neither
air_284,no,Qwen-2.5-72B,both
air_285,no,Qwen-2.5-72B,gained
air_289,no,Qwen-2.5-72B,neither
air_292,no,Qwen-2.5-72B,neither
air_296,no,Qwen-2.5-72B,neither
air_300,no,Qwen-2.5-72B,both
air_301,no,Qwen-2.5-72B,both
air_305,no,Qwen-2.5-72B,neither
air_315,no,Qwen-2.5-72B,gained
air_314,no,Qwen-2.5-72B,neither
air_318,no,Qwen-2.5-72B,gained
air_320,no,Qwen-2.5-72B,neither
air_321,no,Qwen-2.5-72B,both
air_323,no,Qwen-2.5-72B,neither
air_326,no,Qwen-2.5-72B,both
air_328,no,Qwen-2.5-72B,neither
air_335,no,Qwen-2.5-72B,both
air_346,no,Qwen-2.5-72B,neither
air_355,no,Qwen-2.5-72B,both
air_368,no,Qwen-2.5-72B,both
air_371,no,Qwen-2.5-72B,both
air_363,no,Qwen-2.5-72B,gained
air_369,no,Qwen-2.5-72B,neither
air_382,no,Qwen-2.5-72B,both
air_405,no,Qwen-2.5-72B,gained
p_0,no,Qwen-2.5-72B,both
p_10,no,Qwen-2.5-72B,neither
p_11,no,Qwen-2.5-72B,both
2.4,no,Qwen-2.5-72B,neither
2.3,no,Qwen-2.5-72B,neither
2.7,no,Qwen-2.5-72B,neither
2.13,no,Qwen-2.5-72B,neither
2.15,no,Qwen-2.5-72B,neither
5.2,no,Qwen-2.5-72B,both
5.7,no,Qwen-2.5-72B,neither
6.1,no,Qwen-2.5-72B,both
6.2,no,Qwen-2.5-72B,both
p_2,no,Qwen-2.5-72B,both
7.1,no,Qwen-2.5-72B,both
5.10,no,Qwen-2.5-72B,neither
p_16,no,Qwen-2.5-72B,neither
p_23,no,Qwen-2.5-72B,both
p_35,no,Qwen-2.5-72B,neither
p_38,no,Qwen-2.5-72B,both
p_40,no,Qwen-2.5-72B,both
p_51,no,Qwen-2.5-72B,both
p_52,no,Qwen-2.5-72B,both
p_54,no,Qwen-2.5-72B,both
p_61,no,Qwen-2.5-72B,both
p_63,no,Qwen-2.5-72B,fragile
p_71,no,Qwen-2.5-72B,both
p_72,no,Qwen-2.5-72B,both
p_83,no,Qwen-2.5-72B,neither
p_84,no,Qwen-2.5-72B,both
p_85,no,Qwen-2.5-72B,both
p_95,no,Qwen-2.5-72B,both
p_99,no,Qwen-2.5-72B,neither
p_104,no,Qwen-2.5-72B,neither
p_107,no,Qwen-2.5-72B,neither
p_109,no,Qwen-2.5-72B,fragile
p_108,no,Qwen-2.5-72B,neither
p_111,no,Qwen-2.5-72B,both
p_112,no,Qwen-2.5-72B,both
p_123,no,Qwen-2.5-72B,both
p_127,no,Qwen-2.5-72B,both
3.2,no,Qwen-2.5-72B,both
6.9,yes,Qwen-2.5-72B,neither
air_174,no,Qwen-2.5-72B,both
turner_3,no,Qwen-2.5-72B,neither
turner_23,no,Qwen-2.5-72B,neither
snp_6,no,Qwen-2.5-72B,neither
holton_44,no,Qwen-2.5-72B,neither
snp_37,no,Qwen-2.5-72B,neither
snp_12,no,Qwen-2.5-72B,both
holton_22,no,Qwen-2.5-72B,neither
holton_52,no,Qwen-2.5-72B,fragile
holton_8,no,Qwen-2.5-72B,neither
holton_28,no,Qwen-2.5-72B,neither
holton_50,no,Qwen-2.5-72B,neither
snp_45,yes,Qwen-2.5-72B,neither
snp_19,no,Qwen-2.5-72B,neither
holton_58,no,Qwen-2.5-72B,neither
snp_50,yes,Qwen-2.5-72B,neither
holton_34,no,Qwen-2.5-72B,both
snp_7,no,Qwen-2.5-72B,fragile
holton_5,no,Qwen-2.5-72B,neither
snp_67,no,Qwen-2.5-72B,neither
snp_4,no,Qwen-2.5-72B,neither
jacob_2.1,no,Qwen-2.5-72B,both
holton_38,no,Qwen-2.5-72B,neither
snp_15,no,Qwen-2.5-72B,neither
holton_27,no,Qwen-2.5-72B,fragile
holton_60,no,Qwen-2.5-72B,neither
holton_62,no,Qwen-2.5-72B,neither
holton_16,no,Qwen-2.5-72B,neither
snp_72,no,Qwen-2.5-72B,both
snp_56,no,Qwen-2.5-72B,neither
holton_30,no,Qwen-2.5-72B,neither
snp_5,no,Qwen-2.5-72B,both
snp_99,no,Qwen-2.5-72B,neither
snp_85,no,Qwen-2.5-72B,neither
snp_43,no,Qwen-2.5-72B,neither
snp_68,no,Qwen-2.5-72B,fragile
holton_1,no,Qwen-2.5-72B,fragile
snp_49,no,Qwen-2.5-72B,neither
snp_8,no,Qwen-2.5-72B,gained
holton_11,no,Qwen-2.5-72B,neither
holton_19,no,Qwen-2.5-72B,neither
holton_33,yes,Qwen-2.5-72B,both
holton_51,no,Qwen-2.5-72B,neither
jacob_13.4,no,Qwen-2.5-72B,neither
snp_22,no,Qwen-2.5-72B,neither
4.4,no,Qwen-2.5-72B,fragile
2.2,no,Qwen-2.5-72B,neither
4.8,no,Qwen-2.5-72B,gained
3.11,no,Qwen-2.5-72B,neither
5.11,no,Qwen-2.5-72B,neither
4.9,no,Qwen-2.5-72B,neither
8.7,no,Qwen-2.5-72B,fragile
3.8,no,Qwen-2.5-72B,neither
5.9,no,Qwen-2.5-72B,both
air_116,no,Qwen-2.5-72B,both
air_234,no,Qwen-2.5-72B,neither
jacob_12.1,no,Qwen-2.5-72B,neither
snp_94,no,Qwen-2.5-72B,neither
snp_30,no,Qwen-2.5-72B,neither
ry_1.3,no,Qwen-2.5-72B,neither
ry_1.6,no,Qwen-2.5-72B,neither
ry_3.5,no,Qwen-2.5-72B,neither
ry_12.5,no,Qwen-2.5-72B,neither
ry_13.7,no,Qwen-2.5-72B,neither
dn_12.1,no,Qwen-2.5-72B,gained
dn_6.27,no,Qwen-2.5-72B,neither
dn_9.27,no,Qwen-2.5-72B,neither
dn_4.15,no,Qwen-2.5-72B,neither
dn_10.44,no,Qwen-2.5-72B,neither
fp_2.4,no,Qwen-2.5-72B,neither
fp_2.1,no,Qwen-2.5-72B,both
fp_12.2,no,Qwen-2.5-72B,neither
fp_12.1,no,Qwen-2.5-72B,fragile
fp_2.5,no,Qwen-2.5-72B,both
ca_3.9,no,Qwen-2.5-72B,neither
ca_10.5,no,Qwen-2.5-72B,gained
ca_15.7,no,Qwen-2.5-72B,neither
air_121,no,Qwen-2.5-72B,both
air_226,no,Qwen-2.5-72B,fragile
dn_6.31,no,Qwen-2.5-72B,neither
dn_8.4,no,Qwen-2.5-72B,both
jacobson_2.1,no,Qwen-2.5-72B,neither
jacobson_2.13,no,Qwen-2.5-72B,neither
jacobson_2.6,no,Qwen-2.5-72B,both
jacobson_3.5,no,Qwen-2.5-72B,gained
jacobson_4.1,no,Qwen-2.5-72B,gained
jacobson_4.5,no,Qwen-2.5-72B,both
jacobson_3.6(a),no,Qwen-2.5-72B,neither
jacobson_2.16,no,Qwen-2.5-72B,neither
jacobson_2.7,no,Qwen-2.5-72B,neither
jacobson_3.6(c),no,Qwen-2.5-72B,gained
jacobson_2.17,no,Qwen-2.5-72B,both
jacobson_4.8,no,Qwen-2.5-72B,both
jacobson_2.5,no,Qwen-2.5-72B,gained
jacobson_18.6,no,Qwen-2.5-72B,fragile
jacobson_13.2,no,Qwen-2.5-72B,neither
jacobson_38,no,Qwen-2.5-72B,neither
jacobson_18.1,no,Qwen-2.5-72B,neither
jacobson_18.8(a),no,Qwen-2.5-72B,neither
jacobson_2.19,no,Qwen-2.5-72B,neither
air_102,no,Qwen-2.5-72B,both
air_107,no,Qwen-2.5-72B,both
air_0,no,Qwen-2.5-72B,neither
1.2,no,Qwen-2.5-72B,neither
air_110,no,Qwen-2.5-72B,both
air_111,no,Qwen-2.5-72B,both
air_120,no,Qwen-2.5-72B,both
1.1,no,Qwen-2.5-72B,neither
air_125,no,Qwen-2.5-72B,neither
air_132,no,Qwen-2.5-72B,both
10.3,no,Qwen-2.5-72B,neither
air_133,no,Qwen-2.5-72B,both
air_147,no,Qwen-2.5-72B,fragile
air_170,no,Qwen-2.5-72B,both
air_177,no,Qwen-2.5-72B,both
air_183,no,Qwen-2.5-72B,both
air_187,no,Qwen-2.5-72B,both
air_197,no,Qwen-2.5-72B,both
air_215,no,Qwen-2.5-72B,both
air_224,no,Qwen-2.5-72B,fragile
air_227,no,Qwen-2.5-72B,neither
air_259,no,Qwen-2.5-72B,both
air_255,no,Qwen-2.5-72B,both
air_220,no,Qwen-2.5-72B,neither
air_261,no,Qwen-2.5-72B,neither
air_290,no,Qwen-2.5-72B,gained
air_299,yes,Qwen-2.5-72B,both
air_263,no,Qwen-2.5-72B,neither
air_3,no,Qwen-2.5-72B,both
air_308,no,Qwen-2.5-72B,neither
air_310,no,Qwen-2.5-72B,fragile
air_264,no,Qwen-2.5-72B,both
air_304,yes,Qwen-2.5-72B,both
air_330,no,Qwen-2.5-72B,both
air_339,no,Qwen-2.5-72B,both
air_338,no,Qwen-2.5-72B,both
air_347,no,Qwen-2.5-72B,neither
air_349,no,Qwen-2.5-72B,gained
air_345,no,Qwen-2.5-72B,both
air_362,no,Qwen-2.5-72B,both
air_379,no,Qwen-2.5-72B,gained
air_380,yes,Qwen-2.5-72B,neither
air_385,yes,Qwen-2.5-72B,both
air_395,no,Qwen-2.5-72B,neither
air_59,no,Qwen-2.5-72B,neither
air_360,no,Qwen-2.5-72B,neither
air_64,no,Qwen-2.5-72B,neither
air_68,no,Qwen-2.5-72B,both
air_99,no,Qwen-2.5-72B,neither
dn_10.28,no,Qwen-2.5-72B,both
air_90,no,Qwen-2.5-72B,neither
holton_40,no,Qwen-2.5-72B,both
air_392,no,Qwen-2.5-72B,fragile
holton_36,no,Qwen-2.5-72B,neither
holton_76,no,Qwen-2.5-72B,neither
holton_7,no,Qwen-2.5-72B,neither
jacob_13.2,no,Qwen-2.5-72B,gained
holton_56,no,Qwen-2.5-72B,neither
p_101,yes,Qwen-2.5-72B,neither
ca_10.7,no,Qwen-2.5-72B,both
p_103,no,Qwen-2.5-72B,neither
p_106,no,Qwen-2.5-72B,gained
p_113,no,Qwen-2.5-72B,neither
p_110,no,Qwen-2.5-72B,neither
p_114,no,Qwen-2.5-72B,gained
p_115,no,Qwen-2.5-72B,neither
p_22,no,Qwen-2.5-72B,both
p_12,no,Qwen-2.5-72B,neither
p_20,no,Qwen-2.5-72B,both
p_25,no,Qwen-2.5-72B,neither
p_26,no,Qwen-2.5-72B,neither
p_3,no,Qwen-2.5-72B,both
p_21,no,Qwen-2.5-72B,neither
p_41,no,Qwen-2.5-72B,both
p_37,no,Qwen-2.5-72B,gained
jacob_4.7,no,Qwen-2.5-72B,gained
p_4,no,Qwen-2.5-72B,neither
p_57,no,Qwen-2.5-72B,both
p_55,no,Qwen-2.5-72B,both
p_5,no,Qwen-2.5-72B,neither
p_56,no,Qwen-2.5-72B,fragile
p_7,no,Qwen-2.5-72B,both
p_96,no,Qwen-2.5-72B,both
p_70,no,Qwen-2.5-72B,both
p_6,no,Qwen-2.5-72B,neither
turner_1,no,Qwen-2.5-72B,neither
snp_9,no,Qwen-2.5-72B,neither
turner_2,no,Qwen-2.5-72B,neither
p_73,no,Qwen-2.5-72B,neither
p_102,no,Qwen-2.5-72B,neither
air_89,yes,Qwen-2.5-72B,neither
2.14,no,Qwen-2.5-72B,neither
holton_2,no,Qwen-2.5-72B,both
holton_53,no,Qwen-2.5-72B,neither
air_148,no,Qwen-2.5-72B,neither
air_137,no,Qwen-2.5-72B,fragile
air_143,no,Qwen-2.5-72B,both
air_165,no,Qwen-2.5-72B,both
air_229,no,Qwen-2.5-72B,neither
air_206,no,Qwen-2.5-72B,both
air_231,yes,Qwen-2.5-72B,both
air_306,no,Qwen-2.5-72B,both
air_105,no,Qwen-2.5-72B,neither
air_322,no,Qwen-2.5-72B,both
air_351,no,Qwen-2.5-72B,both
air_334,no,Qwen-2.5-72B,neither
air_342,no,Qwen-2.5-72B,both
air_408,no,Qwen-2.5-72B,both
dn_13.4,no,Qwen-2.5-72B,fragile
dn_15.18,no,Qwen-2.5-72B,neither
air_361,no,Qwen-2.5-72B,gained
air_269,no,Qwen-2.5-72B,fragile
fp_11.2,no,Qwen-2.5-72B,neither
holton_10,no,Qwen-2.5-72B,neither
holton_13,no,Qwen-2.5-72B,neither
jacob_4.8,yes,Qwen-2.5-72B,neither
jacobson_2.14,no,Qwen-2.5-72B,both
p_124,no,Qwen-2.5-72B,both
p_93,no,Qwen-2.5-72B,neither
jacobson_4.6,no,Qwen-2.5-72B,neither
jacobson_5.2,no,Qwen-2.5-72B,neither
air_108,no,Qwen-2.5-72B,both
air_126,no,Qwen-2.5-72B,both
air_238,no,Qwen-2.5-72B,both
snp_64,no,Qwen-2.5-72B,fragile
dn_14.10,no,Qwen-2.5-72B,neither
jacobson_14.1,no,Qwen-2.5-72B,neither
11.1,no,Qwen-3.5-397B (reasoning),both
4.3,no,Qwen-3.5-397B (reasoning),both
6.1.4,no,Qwen-3.5-397B (reasoning),both
7.4,no,Qwen-3.5-397B (reasoning),both
air_63,no,Qwen-3.5-397B (reasoning),both
air_71,no,Qwen-3.5-397B (reasoning),both
air_72,no,Qwen-3.5-397B (reasoning),both
air_88,no,Qwen-3.5-397B (reasoning),both
air_91,no,Qwen-3.5-397B (reasoning),both
air_92,no,Qwen-3.5-397B (reasoning),both
air_98,no,Qwen-3.5-397B (reasoning),both
air_103,no,Qwen-3.5-397B (reasoning),both
air_106,no,Qwen-3.5-397B (reasoning),both
air_104,no,Qwen-3.5-397B (reasoning),both
air_123,no,Qwen-3.5-397B (reasoning),both
air_119,no,Qwen-3.5-397B (reasoning),both
air_122,no,Qwen-3.5-397B (reasoning),both
air_124,no,Qwen-3.5-397B (reasoning),both
air_130,no,Qwen-3.5-397B (reasoning),both
air_138,no,Qwen-3.5-397B (reasoning),both
air_139,no,Qwen-3.5-397B (reasoning),both
air_145,no,Qwen-3.5-397B (reasoning),both
air_146,no,Qwen-3.5-397B (reasoning),both
air_149,no,Qwen-3.5-397B (reasoning),fragile
air_154,no,Qwen-3.5-397B (reasoning),both
air_159,no,Qwen-3.5-397B (reasoning),both
air_167,no,Qwen-3.5-397B (reasoning),fragile
air_168,no,Qwen-3.5-397B (reasoning),both
air_172,no,Qwen-3.5-397B (reasoning),both
air_173,no,Qwen-3.5-397B (reasoning),both
air_178,no,Qwen-3.5-397B (reasoning),both
air_182,no,Qwen-3.5-397B (reasoning),both
air_198,no,Qwen-3.5-397B (reasoning),both
air_201,no,Qwen-3.5-397B (reasoning),both
air_203,no,Qwen-3.5-397B (reasoning),both
air_205,no,Qwen-3.5-397B (reasoning),both
air_212,no,Qwen-3.5-397B (reasoning),both
air_213,no,Qwen-3.5-397B (reasoning),both
air_214,no,Qwen-3.5-397B (reasoning),both
air_228,no,Qwen-3.5-397B (reasoning),both
air_235,no,Qwen-3.5-397B (reasoning),both
air_236,no,Qwen-3.5-397B (reasoning),both
air_239,no,Qwen-3.5-397B (reasoning),both
air_246,no,Qwen-3.5-397B (reasoning),both
air_248,no,Qwen-3.5-397B (reasoning),neither
air_243,no,Qwen-3.5-397B (reasoning),both
air_251,no,Qwen-3.5-397B (reasoning),both
air_250,no,Qwen-3.5-397B (reasoning),both
air_252,no,Qwen-3.5-397B (reasoning),both
air_256,no,Qwen-3.5-397B (reasoning),both
air_273,no,Qwen-3.5-397B (reasoning),both
air_282,no,Qwen-3.5-397B (reasoning),both
air_284,no,Qwen-3.5-397B (reasoning),both
air_285,no,Qwen-3.5-397B (reasoning),both
air_289,no,Qwen-3.5-397B (reasoning),both
air_292,no,Qwen-3.5-397B (reasoning),both
air_296,no,Qwen-3.5-397B (reasoning),both
air_300,no,Qwen-3.5-397B (reasoning),both
air_301,no,Qwen-3.5-397B (reasoning),both
air_305,no,Qwen-3.5-397B (reasoning),both
air_315,no,Qwen-3.5-397B (reasoning),both
air_314,no,Qwen-3.5-397B (reasoning),both
air_318,no,Qwen-3.5-397B (reasoning),both
air_320,no,Qwen-3.5-397B (reasoning),both
air_321,no,Qwen-3.5-397B (reasoning),both
air_323,no,Qwen-3.5-397B (reasoning),both
air_326,no,Qwen-3.5-397B (reasoning),both
air_328,no,Qwen-3.5-397B (reasoning),both
air_335,no,Qwen-3.5-397B (reasoning),both
air_346,no,Qwen-3.5-397B (reasoning),neither
air_355,no,Qwen-3.5-397B (reasoning),both
air_368,no,Qwen-3.5-397B (reasoning),both
air_371,no,Qwen-3.5-397B (reasoning),both
air_363,no,Qwen-3.5-397B (reasoning),both
air_369,no,Qwen-3.5-397B (reasoning),fragile
air_382,no,Qwen-3.5-397B (reasoning),both
air_405,no,Qwen-3.5-397B (reasoning),both
p_0,no,Qwen-3.5-397B (reasoning),both
p_10,no,Qwen-3.5-397B (reasoning),both
p_11,no,Qwen-3.5-397B (reasoning),both
2.4,no,Qwen-3.5-397B (reasoning),both
2.3,no,Qwen-3.5-397B (reasoning),both
2.7,no,Qwen-3.5-397B (reasoning),both
2.13,no,Qwen-3.5-397B (reasoning),both
2.15,no,Qwen-3.5-397B (reasoning),both
5.2,no,Qwen-3.5-397B (reasoning),both
5.7,no,Qwen-3.5-397B (reasoning),both
6.1,no,Qwen-3.5-397B (reasoning),both
6.2,no,Qwen-3.5-397B (reasoning),both
p_2,no,Qwen-3.5-397B (reasoning),both
7.1,no,Qwen-3.5-397B (reasoning),both
5.10,no,Qwen-3.5-397B (reasoning),both
p_16,no,Qwen-3.5-397B (reasoning),both
p_23,no,Qwen-3.5-397B (reasoning),both
p_35,no,Qwen-3.5-397B (reasoning),both
p_38,no,Qwen-3.5-397B (reasoning),both
p_40,no,Qwen-3.5-397B (reasoning),both
p_51,no,Qwen-3.5-397B (reasoning),both
p_52,no,Qwen-3.5-397B (reasoning),both
p_54,no,Qwen-3.5-397B (reasoning),both
p_61,no,Qwen-3.5-397B (reasoning),both
p_63,no,Qwen-3.5-397B (reasoning),both
p_71,no,Qwen-3.5-397B (reasoning),both
p_72,no,Qwen-3.5-397B (reasoning),both
p_83,no,Qwen-3.5-397B (reasoning),both
p_84,no,Qwen-3.5-397B (reasoning),both
p_85,no,Qwen-3.5-397B (reasoning),both
p_95,no,Qwen-3.5-397B (reasoning),both
p_99,no,Qwen-3.5-397B (reasoning),both
p_104,no,Qwen-3.5-397B (reasoning),both
p_107,no,Qwen-3.5-397B (reasoning),both
p_109,no,Qwen-3.5-397B (reasoning),both
p_108,no,Qwen-3.5-397B (reasoning),both
p_111,no,Qwen-3.5-397B (reasoning),both
p_112,no,Qwen-3.5-397B (reasoning),both
p_123,no,Qwen-3.5-397B (reasoning),both
p_127,no,Qwen-3.5-397B (reasoning),both
3.2,no,Qwen-3.5-397B (reasoning),both
6.9,yes,Qwen-3.5-397B (reasoning),fragile
air_174,no,Qwen-3.5-397B (reasoning),both
turner_3,no,Qwen-3.5-397B (reasoning),both
turner_23,no,Qwen-3.5-397B (reasoning),both
snp_6,no,Qwen-3.5-397B (reasoning),fragile
holton_44,no,Qwen-3.5-397B (reasoning),both
snp_37,no,Qwen-3.5-397B (reasoning),both
snp_12,no,Qwen-3.5-397B (reasoning),both
holton_22,no,Qwen-3.5-397B (reasoning),fragile
holton_52,no,Qwen-3.5-397B (reasoning),both
holton_8,no,Qwen-3.5-397B (reasoning),both
holton_28,no,Qwen-3.5-397B (reasoning),both
holton_50,no,Qwen-3.5-397B (reasoning),both
snp_45,yes,Qwen-3.5-397B (reasoning),both
snp_19,no,Qwen-3.5-397B (reasoning),both
holton_58,no,Qwen-3.5-397B (reasoning),both
snp_50,yes,Qwen-3.5-397B (reasoning),both
holton_34,no,Qwen-3.5-397B (reasoning),both
snp_7,no,Qwen-3.5-397B (reasoning),both
holton_5,no,Qwen-3.5-397B (reasoning),both
snp_67,no,Qwen-3.5-397B (reasoning),both
snp_4,no,Qwen-3.5-397B (reasoning),both
jacob_2.1,no,Qwen-3.5-397B (reasoning),both
holton_38,no,Qwen-3.5-397B (reasoning),both
snp_15,no,Qwen-3.5-397B (reasoning),both
holton_27,no,Qwen-3.5-397B (reasoning),both
holton_60,no,Qwen-3.5-397B (reasoning),both
holton_62,no,Qwen-3.5-397B (reasoning),neither
holton_16,no,Qwen-3.5-397B (reasoning),both
snp_72,no,Qwen-3.5-397B (reasoning),both
snp_56,no,Qwen-3.5-397B (reasoning),both
holton_30,no,Qwen-3.5-397B (reasoning),both
snp_5,no,Qwen-3.5-397B (reasoning),both
snp_99,no,Qwen-3.5-397B (reasoning),both
snp_85,no,Qwen-3.5-397B (reasoning),both
snp_43,no,Qwen-3.5-397B (reasoning),both
snp_68,no,Qwen-3.5-397B (reasoning),both
holton_1,no,Qwen-3.5-397B (reasoning),both
snp_49,no,Qwen-3.5-397B (reasoning),neither
snp_8,no,Qwen-3.5-397B (reasoning),both
holton_11,no,Qwen-3.5-397B (reasoning),both
holton_19,no,Qwen-3.5-397B (reasoning),both
holton_33,yes,Qwen-3.5-397B (reasoning),both
holton_51,no,Qwen-3.5-397B (reasoning),both
jacob_13.4,no,Qwen-3.5-397B (reasoning),both
snp_22,no,Qwen-3.5-397B (reasoning),both
4.4,no,Qwen-3.5-397B (reasoning),both
2.2,no,Qwen-3.5-397B (reasoning),both
4.8,no,Qwen-3.5-397B (reasoning),both
3.11,no,Qwen-3.5-397B (reasoning),both
5.11,no,Qwen-3.5-397B (reasoning),both
4.9,no,Qwen-3.5-397B (reasoning),both
8.7,no,Qwen-3.5-397B (reasoning),both
3.8,no,Qwen-3.5-397B (reasoning),both
5.9,no,Qwen-3.5-397B (reasoning),both
air_116,no,Qwen-3.5-397B (reasoning),both
air_234,no,Qwen-3.5-397B (reasoning),both
jacob_12.1,no,Qwen-3.5-397B (reasoning),both
snp_94,no,Qwen-3.5-397B (reasoning),both
snp_30,no,Qwen-3.5-397B (reasoning),both
ry_1.3,no,Qwen-3.5-397B (reasoning),both
ry_1.6,no,Qwen-3.5-397B (reasoning),both
ry_3.5,no,Qwen-3.5-397B (reasoning),both
ry_12.5,no,Qwen-3.5-397B (reasoning),both
ry_13.7,no,Qwen-3.5-397B (reasoning),both
dn_12.1,no,Qwen-3.5-397B (reasoning),both
dn_6.27,no,Qwen-3.5-397B (reasoning),both
dn_9.27,no,Qwen-3.5-397B (reasoning),both
dn_4.15,no,Qwen-3.5-397B (reasoning),both
dn_10.44,no,Qwen-3.5-397B (reasoning),both
fp_2.4,no,Qwen-3.5-397B (reasoning),both
fp_2.1,no,Qwen-3.5-397B (reasoning),both
fp_12.2,no,Qwen-3.5-397B (reasoning),both
fp_12.1,no,Qwen-3.5-397B (reasoning),both
fp_2.5,no,Qwen-3.5-397B (reasoning),both
ca_3.9,no,Qwen-3.5-397B (reasoning),gained
ca_10.5,no,Qwen-3.5-397B (reasoning),both
ca_15.7,no,Qwen-3.5-397B (reasoning),both
air_121,no,Qwen-3.5-397B (reasoning),both
air_226,no,Qwen-3.5-397B (reasoning),both
dn_6.31,no,Qwen-3.5-397B (reasoning),fragile
dn_8.4,no,Qwen-3.5-397B (reasoning),both
jacobson_2.1,no,Qwen-3.5-397B (reasoning),both
jacobson_2.13,no,Qwen-3.5-397B (reasoning),both
jacobson_2.6,no,Qwen-3.5-397B (reasoning),both
jacobson_3.5,no,Qwen-3.5-397B (reasoning),both
jacobson_4.1,no,Qwen-3.5-397B (reasoning),both
jacobson_4.5,no,Qwen-3.5-397B (reasoning),both
jacobson_3.6(a),no,Qwen-3.5-397B (reasoning),both
jacobson_2.16,no,Qwen-3.5-397B (reasoning),neither
jacobson_2.7,no,Qwen-3.5-397B (reasoning),both
jacobson_3.6(c),no,Qwen-3.5-397B (reasoning),both
jacobson_2.17,no,Qwen-3.5-397B (reasoning),both
jacobson_4.8,no,Qwen-3.5-397B (reasoning),both
jacobson_2.5,no,Qwen-3.5-397B (reasoning),both
jacobson_18.6,no,Qwen-3.5-397B (reasoning),both
jacobson_13.2,no,Qwen-3.5-397B (reasoning),both
jacobson_38,no,Qwen-3.5-397B (reasoning),fragile
jacobson_18.1,no,Qwen-3.5-397B (reasoning),both
jacobson_18.8(a),no,Qwen-3.5-397B (reasoning),both
jacobson_2.19,no,Qwen-3.5-397B (reasoning),both
air_102,no,Qwen-3.5-397B (reasoning),both
air_107,no,Qwen-3.5-397B (reasoning),both
air_0,no,Qwen-3.5-397B (reasoning),both
1.2,no,Qwen-3.5-397B (reasoning),both
air_110,no,Qwen-3.5-397B (reasoning),both
air_111,no,Qwen-3.5-397B (reasoning),both
air_120,no,Qwen-3.5-397B (reasoning),both
1.1,no,Qwen-3.5-397B (reasoning),both
air_125,no,Qwen-3.5-397B (reasoning),both
air_132,no,Qwen-3.5-397B (reasoning),both
10.3,no,Qwen-3.5-397B (reasoning),both
air_133,no,Qwen-3.5-397B (reasoning),both
air_147,no,Qwen-3.5-397B (reasoning),both
air_170,no,Qwen-3.5-397B (reasoning),both
air_177,no,Qwen-3.5-397B (reasoning),both
air_183,no,Qwen-3.5-397B (reasoning),both
air_187,no,Qwen-3.5-397B (reasoning),both
air_197,no,Qwen-3.5-397B (reasoning),both
air_215,no,Qwen-3.5-397B (reasoning),both
air_224,no,Qwen-3.5-397B (reasoning),both
air_227,no,Qwen-3.5-397B (reasoning),both
air_259,no,Qwen-3.5-397B (reasoning),both
air_255,no,Qwen-3.5-397B (reasoning),both
air_220,no,Qwen-3.5-397B (reasoning),both
air_261,no,Qwen-3.5-397B (reasoning),both
air_290,no,Qwen-3.5-397B (reasoning),both
air_299,yes,Qwen-3.5-397B (reasoning),both
air_263,no,Qwen-3.5-397B (reasoning),both
air_3,no,Qwen-3.5-397B (reasoning),both
air_308,no,Qwen-3.5-397B (reasoning),both
air_310,no,Qwen-3.5-397B (reasoning),both
air_264,no,Qwen-3.5-397B (reasoning),both
air_304,yes,Qwen-3.5-397B (reasoning),both
air_330,no,Qwen-3.5-397B (reasoning),both
air_339,no,Qwen-3.5-397B (reasoning),both
air_338,no,Qwen-3.5-397B (reasoning),both
air_347,no,Qwen-3.5-397B (reasoning),both
air_349,no,Qwen-3.5-397B (reasoning),both
air_345,no,Qwen-3.5-397B (reasoning),both
air_362,no,Qwen-3.5-397B (reasoning),both
air_379,no,Qwen-3.5-397B (reasoning),both
air_380,yes,Qwen-3.5-397B (reasoning),both
air_385,yes,Qwen-3.5-397B (reasoning),both
air_395,no,Qwen-3.5-397B (reasoning),both
air_59,no,Qwen-3.5-397B (reasoning),both
air_360,no,Qwen-3.5-397B (reasoning),gained
air_64,no,Qwen-3.5-397B (reasoning),both
air_68,no,Qwen-3.5-397B (reasoning),both
air_99,no,Qwen-3.5-397B (reasoning),both
dn_10.28,no,Qwen-3.5-397B (reasoning),both
air_90,no,Qwen-3.5-397B (reasoning),both
holton_40,no,Qwen-3.5-397B (reasoning),both
air_392,no,Qwen-3.5-397B (reasoning),both
holton_36,no,Qwen-3.5-397B (reasoning),both
holton_76,no,Qwen-3.5-397B (reasoning),both
holton_7,no,Qwen-3.5-397B (reasoning),both
jacob_13.2,no,Qwen-3.5-397B (reasoning),both
holton_56,no,Qwen-3.5-397B (reasoning),both
p_101,yes,Qwen-3.5-397B (reasoning),both
ca_10.7,no,Qwen-3.5-397B (reasoning),both
p_103,no,Qwen-3.5-397B (reasoning),both
p_106,no,Qwen-3.5-397B (reasoning),both
p_113,no,Qwen-3.5-397B (reasoning),both
p_110,no,Qwen-3.5-397B (reasoning),both
p_114,no,Qwen-3.5-397B (reasoning),both
p_115,no,Qwen-3.5-397B (reasoning),both
p_22,no,Qwen-3.5-397B (reasoning),both
p_12,no,Qwen-3.5-397B (reasoning),both
p_20,no,Qwen-3.5-397B (reasoning),both
p_25,no,Qwen-3.5-397B (reasoning),both
p_26,no,Qwen-3.5-397B (reasoning),both
p_3,no,Qwen-3.5-397B (reasoning),both
p_21,no,Qwen-3.5-397B (reasoning),both
p_41,no,Qwen-3.5-397B (reasoning),both
p_37,no,Qwen-3.5-397B (reasoning),both
jacob_4.7,no,Qwen-3.5-397B (reasoning),both
p_4,no,Qwen-3.5-397B (reasoning),both
p_57,no,Qwen-3.5-397B (reasoning),both
p_55,no,Qwen-3.5-397B (reasoning),both
p_5,no,Qwen-3.5-397B (reasoning),both
p_56,no,Qwen-3.5-397B (reasoning),both
p_7,no,Qwen-3.5-397B (reasoning),both
p_96,no,Qwen-3.5-397B (reasoning),both
p_70,no,Qwen-3.5-397B (reasoning),both
p_6,no,Qwen-3.5-397B (reasoning),both
turner_1,no,Qwen-3.5-397B (reasoning),both
snp_9,no,Qwen-3.5-397B (reasoning),both
turner_2,no,Qwen-3.5-397B (reasoning),both
p_73,no,Qwen-3.5-397B (reasoning),both
p_102,no,Qwen-3.5-397B (reasoning),both
air_89,yes,Qwen-3.5-397B (reasoning),both
2.14,no,Qwen-3.5-397B (reasoning),both
holton_2,no,Qwen-3.5-397B (reasoning),both
holton_53,no,Qwen-3.5-397B (reasoning),both
air_148,no,Qwen-3.5-397B (reasoning),both
air_137,no,Qwen-3.5-397B (reasoning),both
air_143,no,Qwen-3.5-397B (reasoning),both
air_165,no,Qwen-3.5-397B (reasoning),both
air_229,no,Qwen-3.5-397B (reasoning),both
air_206,no,Qwen-3.5-397B (reasoning),both
air_231,yes,Qwen-3.5-397B (reasoning),both
air_306,no,Qwen-3.5-397B (reasoning),both
air_105,no,Qwen-3.5-397B (reasoning),both
air_322,no,Qwen-3.5-397B (reasoning),both
air_351,no,Qwen-3.5-397B (reasoning),both
air_334,no,Qwen-3.5-397B (reasoning),both
air_342,no,Qwen-3.5-397B (reasoning),both
air_408,no,Qwen-3.5-397B (reasoning),both
dn_13.4,no,Qwen-3.5-397B (reasoning),both
dn_15.18,no,Qwen-3.5-397B (reasoning),both
air_361,no,Qwen-3.5-397B (reasoning),both
air_269,no,Qwen-3.5-397B (reasoning),both
fp_11.2,no,Qwen-3.5-397B (reasoning),both
holton_10,no,Qwen-3.5-397B (reasoning),both
holton_13,no,Qwen-3.5-397B (reasoning),both
jacob_4.8,yes,Qwen-3.5-397B (reasoning),both
jacobson_2.14,no,Qwen-3.5-397B (reasoning),both
p_124,no,Qwen-3.5-397B (reasoning),both
p_93,no,Qwen-3.5-397B (reasoning),both
jacobson_4.6,no,Qwen-3.5-397B (reasoning),both
jacobson_5.2,no,Qwen-3.5-397B (reasoning),both
air_108,no,Qwen-3.5-397B (reasoning),both
air_126,no,Qwen-3.5-397B (reasoning),both
air_238,no,Qwen-3.5-397B (reasoning),both
snp_64,no,Qwen-3.5-397B (reasoning),both
dn_14.10,no,Qwen-3.5-397B (reasoning),both
jacobson_14.1,no,Qwen-3.5-397B (reasoning),neither
11.1,no,Qwen-3.5-397B,both
4.3,no,Qwen-3.5-397B,both
6.1.4,no,Qwen-3.5-397B,both
7.4,no,Qwen-3.5-397B,both
air_63,no,Qwen-3.5-397B,both
air_71,no,Qwen-3.5-397B,both
air_72,no,Qwen-3.5-397B,both
air_88,no,Qwen-3.5-397B,both
air_91,no,Qwen-3.5-397B,both
air_92,no,Qwen-3.5-397B,both
air_98,no,Qwen-3.5-397B,both
air_103,no,Qwen-3.5-397B,both
air_106,no,Qwen-3.5-397B,both
air_104,no,Qwen-3.5-397B,both
air_123,no,Qwen-3.5-397B,both
air_119,no,Qwen-3.5-397B,both
air_122,no,Qwen-3.5-397B,both
air_124,no,Qwen-3.5-397B,both
air_130,no,Qwen-3.5-397B,both
air_138,no,Qwen-3.5-397B,both
air_139,no,Qwen-3.5-397B,both
air_145,no,Qwen-3.5-397B,both
air_146,no,Qwen-3.5-397B,both
air_149,no,Qwen-3.5-397B,neither
air_154,no,Qwen-3.5-397B,both
air_159,no,Qwen-3.5-397B,both
air_167,no,Qwen-3.5-397B,neither
air_168,no,Qwen-3.5-397B,both
air_172,no,Qwen-3.5-397B,both
air_173,no,Qwen-3.5-397B,both
air_178,no,Qwen-3.5-397B,both
air_182,no,Qwen-3.5-397B,both
air_198,no,Qwen-3.5-397B,both
air_201,no,Qwen-3.5-397B,both
air_203,no,Qwen-3.5-397B,both
air_205,no,Qwen-3.5-397B,both
air_212,no,Qwen-3.5-397B,both
air_213,no,Qwen-3.5-397B,both
air_214,no,Qwen-3.5-397B,both
air_228,no,Qwen-3.5-397B,both
air_235,no,Qwen-3.5-397B,both
air_236,no,Qwen-3.5-397B,both
air_239,no,Qwen-3.5-397B,both
air_246,no,Qwen-3.5-397B,both
air_248,no,Qwen-3.5-397B,neither
air_243,no,Qwen-3.5-397B,both
air_251,no,Qwen-3.5-397B,both
air_250,no,Qwen-3.5-397B,both
air_252,no,Qwen-3.5-397B,both
air_256,no,Qwen-3.5-397B,both
air_273,no,Qwen-3.5-397B,both
air_282,no,Qwen-3.5-397B,both
air_284,no,Qwen-3.5-397B,both
air_285,no,Qwen-3.5-397B,both
air_289,no,Qwen-3.5-397B,both
air_292,no,Qwen-3.5-397B,both
air_296,no,Qwen-3.5-397B,both
air_300,no,Qwen-3.5-397B,both
air_301,no,Qwen-3.5-397B,both
air_305,no,Qwen-3.5-397B,both
air_315,no,Qwen-3.5-397B,both
air_314,no,Qwen-3.5-397B,both
air_318,no,Qwen-3.5-397B,both
air_320,no,Qwen-3.5-397B,both
air_321,no,Qwen-3.5-397B,both
air_323,no,Qwen-3.5-397B,both
air_326,no,Qwen-3.5-397B,both
air_328,no,Qwen-3.5-397B,both
air_335,no,Qwen-3.5-397B,both
air_346,no,Qwen-3.5-397B,neither
air_355,no,Qwen-3.5-397B,both
air_368,no,Qwen-3.5-397B,both
air_371,no,Qwen-3.5-397B,both
air_363,no,Qwen-3.5-397B,both
air_369,no,Qwen-3.5-397B,neither
air_382,no,Qwen-3.5-397B,both
air_405,no,Qwen-3.5-397B,both
p_0,no,Qwen-3.5-397B,both
p_10,no,Qwen-3.5-397B,both
p_11,no,Qwen-3.5-397B,both
2.4,no,Qwen-3.5-397B,both
2.3,no,Qwen-3.5-397B,both
2.7,no,Qwen-3.5-397B,both
2.13,no,Qwen-3.5-397B,both
2.15,no,Qwen-3.5-397B,both
5.2,no,Qwen-3.5-397B,both
5.7,no,Qwen-3.5-397B,both
6.1,no,Qwen-3.5-397B,both
6.2,no,Qwen-3.5-397B,both
p_2,no,Qwen-3.5-397B,both
7.1,no,Qwen-3.5-397B,both
5.10,no,Qwen-3.5-397B,both
p_16,no,Qwen-3.5-397B,both
p_23,no,Qwen-3.5-397B,both
p_35,no,Qwen-3.5-397B,both
p_38,no,Qwen-3.5-397B,both
p_40,no,Qwen-3.5-397B,both
p_51,no,Qwen-3.5-397B,both
p_52,no,Qwen-3.5-397B,both
p_54,no,Qwen-3.5-397B,both
p_61,no,Qwen-3.5-397B,both
p_63,no,Qwen-3.5-397B,both
p_71,no,Qwen-3.5-397B,both
p_72,no,Qwen-3.5-397B,both
p_83,no,Qwen-3.5-397B,both
p_84,no,Qwen-3.5-397B,both
p_85,no,Qwen-3.5-397B,both
p_95,no,Qwen-3.5-397B,both
p_99,no,Qwen-3.5-397B,both
p_104,no,Qwen-3.5-397B,both
p_107,no,Qwen-3.5-397B,both
p_109,no,Qwen-3.5-397B,both
p_108,no,Qwen-3.5-397B,both
p_111,no,Qwen-3.5-397B,both
p_112,no,Qwen-3.5-397B,both
p_123,no,Qwen-3.5-397B,both
p_127,no,Qwen-3.5-397B,both
3.2,no,Qwen-3.5-397B,both
6.9,yes,Qwen-3.5-397B,neither
air_174,no,Qwen-3.5-397B,both
turner_3,no,Qwen-3.5-397B,both
turner_23,no,Qwen-3.5-397B,gained
snp_6,no,Qwen-3.5-397B,fragile
holton_44,no,Qwen-3.5-397B,both
snp_37,no,Qwen-3.5-397B,both
snp_12,no,Qwen-3.5-397B,both
holton_22,no,Qwen-3.5-397B,both
holton_52,no,Qwen-3.5-397B,both
holton_8,no,Qwen-3.5-397B,both
holton_28,no,Qwen-3.5-397B,both
holton_50,no,Qwen-3.5-397B,fragile
snp_45,yes,Qwen-3.5-397B,both
snp_19,no,Qwen-3.5-397B,both
holton_58,no,Qwen-3.5-397B,both
snp_50,yes,Qwen-3.5-397B,both
holton_34,no,Qwen-3.5-397B,both
snp_7,no,Qwen-3.5-397B,both
holton_5,no,Qwen-3.5-397B,neither
snp_67,no,Qwen-3.5-397B,both
snp_4,no,Qwen-3.5-397B,both
jacob_2.1,no,Qwen-3.5-397B,both
holton_38,no,Qwen-3.5-397B,both
snp_15,no,Qwen-3.5-397B,both
holton_27,no,Qwen-3.5-397B,both
holton_60,no,Qwen-3.5-397B,both
holton_62,no,Qwen-3.5-397B,neither
holton_16,no,Qwen-3.5-397B,both
snp_72,no,Qwen-3.5-397B,both
snp_56,no,Qwen-3.5-397B,both
holton_30,no,Qwen-3.5-397B,both
snp_5,no,Qwen-3.5-397B,both
snp_99,no,Qwen-3.5-397B,both
snp_85,no,Qwen-3.5-397B,neither
snp_43,no,Qwen-3.5-397B,both
snp_68,no,Qwen-3.5-397B,both
holton_1,no,Qwen-3.5-397B,both
snp_49,no,Qwen-3.5-397B,neither
snp_8,no,Qwen-3.5-397B,both
holton_11,no,Qwen-3.5-397B,both
holton_19,no,Qwen-3.5-397B,both
holton_33,yes,Qwen-3.5-397B,both
holton_51,no,Qwen-3.5-397B,both
jacob_13.4,no,Qwen-3.5-397B,both
snp_22,no,Qwen-3.5-397B,both
4.4,no,Qwen-3.5-397B,both
2.2,no,Qwen-3.5-397B,both
4.8,no,Qwen-3.5-397B,both
3.11,no,Qwen-3.5-397B,both
5.11,no,Qwen-3.5-397B,both
4.9,no,Qwen-3.5-397B,both
8.7,no,Qwen-3.5-397B,both
3.8,no,Qwen-3.5-397B,fragile
5.9,no,Qwen-3.5-397B,both
air_116,no,Qwen-3.5-397B,both
air_234,no,Qwen-3.5-397B,both
jacob_12.1,no,Qwen-3.5-397B,both
snp_94,no,Qwen-3.5-397B,neither
snp_30,no,Qwen-3.5-397B,both
ry_1.3,no,Qwen-3.5-397B,both
ry_1.6,no,Qwen-3.5-397B,both
ry_3.5,no,Qwen-3.5-397B,both
ry_12.5,no,Qwen-3.5-397B,both
ry_13.7,no,Qwen-3.5-397B,both
dn_12.1,no,Qwen-3.5-397B,both
dn_6.27,no,Qwen-3.5-397B,both
dn_9.27,no,Qwen-3.5-397B,both
dn_4.15,no,Qwen-3.5-397B,both
dn_10.44,no,Qwen-3.5-397B,both
fp_2.4,no,Qwen-3.5-397B,both
fp_2.1,no,Qwen-3.5-397B,both
fp_12.2,no,Qwen-3.5-397B,both
fp_12.1,no,Qwen-3.5-397B,both
fp_2.5,no,Qwen-3.5-397B,both
ca_3.9,no,Qwen-3.5-397B,both
ca_10.5,no,Qwen-3.5-397B,both
ca_15.7,no,Qwen-3.5-397B,both
air_121,no,Qwen-3.5-397B,both
air_226,no,Qwen-3.5-397B,both
dn_6.31,no,Qwen-3.5-397B,neither
dn_8.4,no,Qwen-3.5-397B,both
jacobson_2.1,no,Qwen-3.5-397B,both
jacobson_2.13,no,Qwen-3.5-397B,both
jacobson_2.6,no,Qwen-3.5-397B,both
jacobson_3.5,no,Qwen-3.5-397B,both
jacobson_4.1,no,Qwen-3.5-397B,both
jacobson_4.5,no,Qwen-3.5-397B,both
jacobson_3.6(a),no,Qwen-3.5-397B,both
jacobson_2.16,no,Qwen-3.5-397B,both
jacobson_2.7,no,Qwen-3.5-397B,both
jacobson_3.6(c),no,Qwen-3.5-397B,both
jacobson_2.17,no,Qwen-3.5-397B,both
jacobson_4.8,no,Qwen-3.5-397B,both
jacobson_2.5,no,Qwen-3.5-397B,both
jacobson_18.6,no,Qwen-3.5-397B,both
jacobson_13.2,no,Qwen-3.5-397B,both
jacobson_38,no,Qwen-3.5-397B,both
jacobson_18.1,no,Qwen-3.5-397B,fragile
jacobson_18.8(a),no,Qwen-3.5-397B,both
jacobson_2.19,no,Qwen-3.5-397B,both
air_102,no,Qwen-3.5-397B,both
air_107,no,Qwen-3.5-397B,both
air_0,no,Qwen-3.5-397B,both
1.2,no,Qwen-3.5-397B,both
air_110,no,Qwen-3.5-397B,both
air_111,no,Qwen-3.5-397B,both
air_120,no,Qwen-3.5-397B,both
1.1,no,Qwen-3.5-397B,both
air_125,no,Qwen-3.5-397B,both
air_132,no,Qwen-3.5-397B,both
10.3,no,Qwen-3.5-397B,both
air_133,no,Qwen-3.5-397B,both
air_147,no,Qwen-3.5-397B,both
air_170,no,Qwen-3.5-397B,both
air_177,no,Qwen-3.5-397B,both
air_183,no,Qwen-3.5-397B,both
air_187,no,Qwen-3.5-397B,both
air_197,no,Qwen-3.5-397B,both
air_215,no,Qwen-3.5-397B,both
air_224,no,Qwen-3.5-397B,both
air_227,no,Qwen-3.5-397B,both
air_259,no,Qwen-3.5-397B,both
air_255,no,Qwen-3.5-397B,both
air_220,no,Qwen-3.5-397B,both
air_261,no,Qwen-3.5-397B,both
air_290,no,Qwen-3.5-397B,both
air_299,yes,Qwen-3.5-397B,both
air_263,no,Qwen-3.5-397B,both
air_3,no,Qwen-3.5-397B,both
air_308,no,Qwen-3.5-397B,both
air_310,no,Qwen-3.5-397B,both
air_264,no,Qwen-3.5-397B,both
air_304,yes,Qwen-3.5-397B,both
air_330,no,Qwen-3.5-397B,both
air_339,no,Qwen-3.5-397B,both
air_338,no,Qwen-3.5-397B,both
air_347,no,Qwen-3.5-397B,both
air_349,no,Qwen-3.5-397B,both
air_345,no,Qwen-3.5-397B,both
air_362,no,Qwen-3.5-397B,both
air_379,no,Qwen-3.5-397B,both
air_380,yes,Qwen-3.5-397B,both
air_385,yes,Qwen-3.5-397B,both
air_395,no,Qwen-3.5-397B,both
air_59,no,Qwen-3.5-397B,both
air_360,no,Qwen-3.5-397B,both
air_64,no,Qwen-3.5-397B,both
air_68,no,Qwen-3.5-397B,both
air_99,no,Qwen-3.5-397B,both
dn_10.28,no,Qwen-3.5-397B,both
air_90,no,Qwen-3.5-397B,both
holton_40,no,Qwen-3.5-397B,both
air_392,no,Qwen-3.5-397B,both
holton_36,no,Qwen-3.5-397B,both
holton_76,no,Qwen-3.5-397B,both
holton_7,no,Qwen-3.5-397B,both
jacob_13.2,no,Qwen-3.5-397B,both
holton_56,no,Qwen-3.5-397B,both
p_101,yes,Qwen-3.5-397B,both
ca_10.7,no,Qwen-3.5-397B,both
p_103,no,Qwen-3.5-397B,both
p_106,no,Qwen-3.5-397B,both
p_113,no,Qwen-3.5-397B,both
p_110,no,Qwen-3.5-397B,both
p_114,no,Qwen-3.5-397B,both
p_115,no,Qwen-3.5-397B,both
p_22,no,Qwen-3.5-397B,both
p_12,no,Qwen-3.5-397B,both
p_20,no,Qwen-3.5-397B,both
p_25,no,Qwen-3.5-397B,both
p_26,no,Qwen-3.5-397B,both
p_3,no,Qwen-3.5-397B,both
p_21,no,Qwen-3.5-397B,gained
p_41,no,Qwen-3.5-397B,both
p_37,no,Qwen-3.5-397B,both
jacob_4.7,no,Qwen-3.5-397B,both
p_4,no,Qwen-3.5-397B,both
p_57,no,Qwen-3.5-397B,both
p_55,no,Qwen-3.5-397B,both
p_5,no,Qwen-3.5-397B,fragile
p_56,no,Qwen-3.5-397B,both
p_7,no,Qwen-3.5-397B,both
p_96,no,Qwen-3.5-397B,both
p_70,no,Qwen-3.5-397B,both
p_6,no,Qwen-3.5-397B,both
turner_1,no,Qwen-3.5-397B,both
snp_9,no,Qwen-3.5-397B,both
turner_2,no,Qwen-3.5-397B,both
p_73,no,Qwen-3.5-397B,both
p_102,no,Qwen-3.5-397B,both
air_89,yes,Qwen-3.5-397B,both
2.14,no,Qwen-3.5-397B,both
holton_2,no,Qwen-3.5-397B,both
holton_53,no,Qwen-3.5-397B,both
air_148,no,Qwen-3.5-397B,both
air_137,no,Qwen-3.5-397B,both
air_143,no,Qwen-3.5-397B,both
air_165,no,Qwen-3.5-397B,both
air_229,no,Qwen-3.5-397B,both
air_206,no,Qwen-3.5-397B,both
air_231,yes,Qwen-3.5-397B,both
air_306,no,Qwen-3.5-397B,both
air_105,no,Qwen-3.5-397B,both
air_322,no,Qwen-3.5-397B,both
air_351,no,Qwen-3.5-397B,both
air_334,no,Qwen-3.5-397B,both
air_342,no,Qwen-3.5-397B,both
air_408,no,Qwen-3.5-397B,both
dn_13.4,no,Qwen-3.5-397B,both
dn_15.18,no,Qwen-3.5-397B,both
air_361,no,Qwen-3.5-397B,both
air_269,no,Qwen-3.5-397B,both
fp_11.2,no,Qwen-3.5-397B,both
holton_10,no,Qwen-3.5-397B,both
holton_13,no,Qwen-3.5-397B,both
jacob_4.8,yes,Qwen-3.5-397B,both
jacobson_2.14,no,Qwen-3.5-397B,both
p_124,no,Qwen-3.5-397B,both
p_93,no,Qwen-3.5-397B,both
jacobson_4.6,no,Qwen-3.5-397B,both
jacobson_5.2,no,Qwen-3.5-397B,both
air_108,no,Qwen-3.5-397B,both
air_126,no,Qwen-3.5-397B,both
air_238,no,Qwen-3.5-397B,both
snp_64,no,Qwen-3.5-397B,both
dn_14.10,no,Qwen-3.5-397B,both
jacobson_14.1,no,Qwen-3.5-397B,neither
11.1,no,Qwen-3.5-9B (reasoning),both
4.3,no,Qwen-3.5-9B (reasoning),fragile
6.1.4,no,Qwen-3.5-9B (reasoning),both
7.4,no,Qwen-3.5-9B (reasoning),fragile
air_63,no,Qwen-3.5-9B (reasoning),both
air_71,no,Qwen-3.5-9B (reasoning),both
air_72,no,Qwen-3.5-9B (reasoning),both
air_88,no,Qwen-3.5-9B (reasoning),both
air_91,no,Qwen-3.5-9B (reasoning),both
air_92,no,Qwen-3.5-9B (reasoning),both
air_98,no,Qwen-3.5-9B (reasoning),both
air_103,no,Qwen-3.5-9B (reasoning),gained
air_106,no,Qwen-3.5-9B (reasoning),fragile
air_104,no,Qwen-3.5-9B (reasoning),both
air_123,no,Qwen-3.5-9B (reasoning),both
air_119,no,Qwen-3.5-9B (reasoning),both
air_122,no,Qwen-3.5-9B (reasoning),both
air_124,no,Qwen-3.5-9B (reasoning),both
air_130,no,Qwen-3.5-9B (reasoning),both
air_138,no,Qwen-3.5-9B (reasoning),both
air_139,no,Qwen-3.5-9B (reasoning),neither
air_145,no,Qwen-3.5-9B (reasoning),both
air_146,no,Qwen-3.5-9B (reasoning),both
air_149,no,Qwen-3.5-9B (reasoning),neither
air_154,no,Qwen-3.5-9B (reasoning),neither
air_159,no,Qwen-3.5-9B (reasoning),both
air_167,no,Qwen-3.5-9B (reasoning),neither
air_168,no,Qwen-3.5-9B (reasoning),both
air_172,no,Qwen-3.5-9B (reasoning),both
air_173,no,Qwen-3.5-9B (reasoning),both
air_178,no,Qwen-3.5-9B (reasoning),both
air_182,no,Qwen-3.5-9B (reasoning),both
air_198,no,Qwen-3.5-9B (reasoning),both
air_201,no,Qwen-3.5-9B (reasoning),neither
air_203,no,Qwen-3.5-9B (reasoning),both
air_205,no,Qwen-3.5-9B (reasoning),both
air_212,no,Qwen-3.5-9B (reasoning),both
air_213,no,Qwen-3.5-9B (reasoning),both
air_214,no,Qwen-3.5-9B (reasoning),both
air_228,no,Qwen-3.5-9B (reasoning),neither
air_235,no,Qwen-3.5-9B (reasoning),both
air_236,no,Qwen-3.5-9B (reasoning),both
air_239,no,Qwen-3.5-9B (reasoning),both
air_246,no,Qwen-3.5-9B (reasoning),both
air_248,no,Qwen-3.5-9B (reasoning),neither
air_243,no,Qwen-3.5-9B (reasoning),both
air_251,no,Qwen-3.5-9B (reasoning),both
air_250,no,Qwen-3.5-9B (reasoning),both
air_252,no,Qwen-3.5-9B (reasoning),both
air_256,no,Qwen-3.5-9B (reasoning),both
air_273,no,Qwen-3.5-9B (reasoning),both
air_282,no,Qwen-3.5-9B (reasoning),both
air_284,no,Qwen-3.5-9B (reasoning),both
air_285,no,Qwen-3.5-9B (reasoning),both
air_289,no,Qwen-3.5-9B (reasoning),neither
air_292,no,Qwen-3.5-9B (reasoning),both
air_296,no,Qwen-3.5-9B (reasoning),both
air_300,no,Qwen-3.5-9B (reasoning),both
air_301,no,Qwen-3.5-9B (reasoning),both
air_305,no,Qwen-3.5-9B (reasoning),both
air_315,no,Qwen-3.5-9B (reasoning),both
air_314,no,Qwen-3.5-9B (reasoning),both
air_318,no,Qwen-3.5-9B (reasoning),both
air_320,no,Qwen-3.5-9B (reasoning),both
air_321,no,Qwen-3.5-9B (reasoning),both
air_323,no,Qwen-3.5-9B (reasoning),both
air_326,no,Qwen-3.5-9B (reasoning),both
air_328,no,Qwen-3.5-9B (reasoning),both
air_335,no,Qwen-3.5-9B (reasoning),both
air_346,no,Qwen-3.5-9B (reasoning),fragile
air_355,no,Qwen-3.5-9B (reasoning),both
air_368,no,Qwen-3.5-9B (reasoning),both
air_371,no,Qwen-3.5-9B (reasoning),both
air_363,no,Qwen-3.5-9B (reasoning),both
air_369,no,Qwen-3.5-9B (reasoning),neither
air_382,no,Qwen-3.5-9B (reasoning),both
air_405,no,Qwen-3.5-9B (reasoning),both
p_0,no,Qwen-3.5-9B (reasoning),both
p_10,no,Qwen-3.5-9B (reasoning),both
p_11,no,Qwen-3.5-9B (reasoning),both
2.4,no,Qwen-3.5-9B (reasoning),both
2.3,no,Qwen-3.5-9B (reasoning),both
2.7,no,Qwen-3.5-9B (reasoning),both
2.13,no,Qwen-3.5-9B (reasoning),both
2.15,no,Qwen-3.5-9B (reasoning),both
5.2,no,Qwen-3.5-9B (reasoning),both
5.7,no,Qwen-3.5-9B (reasoning),both
6.1,no,Qwen-3.5-9B (reasoning),both
6.2,no,Qwen-3.5-9B (reasoning),both
p_2,no,Qwen-3.5-9B (reasoning),both
7.1,no,Qwen-3.5-9B (reasoning),both
5.10,no,Qwen-3.5-9B (reasoning),both
p_16,no,Qwen-3.5-9B (reasoning),both
p_23,no,Qwen-3.5-9B (reasoning),both
p_35,no,Qwen-3.5-9B (reasoning),both
p_38,no,Qwen-3.5-9B (reasoning),both
p_40,no,Qwen-3.5-9B (reasoning),both
p_51,no,Qwen-3.5-9B (reasoning),both
p_52,no,Qwen-3.5-9B (reasoning),both
p_54,no,Qwen-3.5-9B (reasoning),both
p_61,no,Qwen-3.5-9B (reasoning),both
p_63,no,Qwen-3.5-9B (reasoning),both
p_71,no,Qwen-3.5-9B (reasoning),both
p_72,no,Qwen-3.5-9B (reasoning),both
p_83,no,Qwen-3.5-9B (reasoning),both
p_84,no,Qwen-3.5-9B (reasoning),neither
p_85,no,Qwen-3.5-9B (reasoning),both
p_95,no,Qwen-3.5-9B (reasoning),both
p_99,no,Qwen-3.5-9B (reasoning),neither
p_104,no,Qwen-3.5-9B (reasoning),both
p_107,no,Qwen-3.5-9B (reasoning),gained
p_109,no,Qwen-3.5-9B (reasoning),both
p_108,no,Qwen-3.5-9B (reasoning),both
p_111,no,Qwen-3.5-9B (reasoning),both
p_112,no,Qwen-3.5-9B (reasoning),both
p_123,no,Qwen-3.5-9B (reasoning),both
p_127,no,Qwen-3.5-9B (reasoning),both
3.2,no,Qwen-3.5-9B (reasoning),both
6.9,yes,Qwen-3.5-9B (reasoning),neither
air_174,no,Qwen-3.5-9B (reasoning),both
turner_3,no,Qwen-3.5-9B (reasoning),both
turner_23,no,Qwen-3.5-9B (reasoning),gained
snp_6,no,Qwen-3.5-9B (reasoning),neither
holton_44,no,Qwen-3.5-9B (reasoning),neither
snp_37,no,Qwen-3.5-9B (reasoning),both
snp_12,no,Qwen-3.5-9B (reasoning),both
holton_22,no,Qwen-3.5-9B (reasoning),neither
holton_52,no,Qwen-3.5-9B (reasoning),both
holton_8,no,Qwen-3.5-9B (reasoning),neither
holton_28,no,Qwen-3.5-9B (reasoning),fragile
holton_50,no,Qwen-3.5-9B (reasoning),neither
snp_45,yes,Qwen-3.5-9B (reasoning),neither
snp_19,no,Qwen-3.5-9B (reasoning),gained
holton_58,no,Qwen-3.5-9B (reasoning),both
snp_50,yes,Qwen-3.5-9B (reasoning),both
holton_34,no,Qwen-3.5-9B (reasoning),both
snp_7,no,Qwen-3.5-9B (reasoning),both
holton_5,no,Qwen-3.5-9B (reasoning),neither
snp_67,no,Qwen-3.5-9B (reasoning),both
snp_4,no,Qwen-3.5-9B (reasoning),both
jacob_2.1,no,Qwen-3.5-9B (reasoning),both
holton_38,no,Qwen-3.5-9B (reasoning),fragile
snp_15,no,Qwen-3.5-9B (reasoning),both
holton_27,no,Qwen-3.5-9B (reasoning),both
holton_60,no,Qwen-3.5-9B (reasoning),fragile
holton_62,no,Qwen-3.5-9B (reasoning),neither
holton_16,no,Qwen-3.5-9B (reasoning),neither
snp_72,no,Qwen-3.5-9B (reasoning),both
snp_56,no,Qwen-3.5-9B (reasoning),neither
holton_30,no,Qwen-3.5-9B (reasoning),both
snp_5,no,Qwen-3.5-9B (reasoning),both
snp_99,no,Qwen-3.5-9B (reasoning),fragile
snp_85,no,Qwen-3.5-9B (reasoning),both
snp_43,no,Qwen-3.5-9B (reasoning),neither
snp_68,no,Qwen-3.5-9B (reasoning),both
holton_1,no,Qwen-3.5-9B (reasoning),both
snp_49,no,Qwen-3.5-9B (reasoning),neither
snp_8,no,Qwen-3.5-9B (reasoning),both
holton_11,no,Qwen-3.5-9B (reasoning),neither
holton_19,no,Qwen-3.5-9B (reasoning),fragile
holton_33,yes,Qwen-3.5-9B (reasoning),both
holton_51,no,Qwen-3.5-9B (reasoning),both
jacob_13.4,no,Qwen-3.5-9B (reasoning),both
snp_22,no,Qwen-3.5-9B (reasoning),neither
4.4,no,Qwen-3.5-9B (reasoning),both
2.2,no,Qwen-3.5-9B (reasoning),both
4.8,no,Qwen-3.5-9B (reasoning),both
3.11,no,Qwen-3.5-9B (reasoning),both
5.11,no,Qwen-3.5-9B (reasoning),neither
4.9,no,Qwen-3.5-9B (reasoning),gained
8.7,no,Qwen-3.5-9B (reasoning),both
3.8,no,Qwen-3.5-9B (reasoning),both
5.9,no,Qwen-3.5-9B (reasoning),both
air_116,no,Qwen-3.5-9B (reasoning),both
air_234,no,Qwen-3.5-9B (reasoning),both
jacob_12.1,no,Qwen-3.5-9B (reasoning),both
snp_94,no,Qwen-3.5-9B (reasoning),neither
snp_30,no,Qwen-3.5-9B (reasoning),both
ry_1.3,no,Qwen-3.5-9B (reasoning),both
ry_1.6,no,Qwen-3.5-9B (reasoning),both
ry_3.5,no,Qwen-3.5-9B (reasoning),both
ry_12.5,no,Qwen-3.5-9B (reasoning),neither
ry_13.7,no,Qwen-3.5-9B (reasoning),neither
dn_12.1,no,Qwen-3.5-9B (reasoning),both
dn_6.27,no,Qwen-3.5-9B (reasoning),neither
dn_9.27,no,Qwen-3.5-9B (reasoning),both
dn_4.15,no,Qwen-3.5-9B (reasoning),both
dn_10.44,no,Qwen-3.5-9B (reasoning),neither
fp_2.4,no,Qwen-3.5-9B (reasoning),both
fp_2.1,no,Qwen-3.5-9B (reasoning),both
fp_12.2,no,Qwen-3.5-9B (reasoning),both
fp_12.1,no,Qwen-3.5-9B (reasoning),both
fp_2.5,no,Qwen-3.5-9B (reasoning),both
ca_3.9,no,Qwen-3.5-9B (reasoning),neither
ca_10.5,no,Qwen-3.5-9B (reasoning),both
ca_15.7,no,Qwen-3.5-9B (reasoning),neither
air_121,no,Qwen-3.5-9B (reasoning),both
air_226,no,Qwen-3.5-9B (reasoning),both
dn_6.31,no,Qwen-3.5-9B (reasoning),neither
dn_8.4,no,Qwen-3.5-9B (reasoning),both
jacobson_2.1,no,Qwen-3.5-9B (reasoning),both
jacobson_2.13,no,Qwen-3.5-9B (reasoning),both
jacobson_2.6,no,Qwen-3.5-9B (reasoning),both
jacobson_3.5,no,Qwen-3.5-9B (reasoning),both
jacobson_4.1,no,Qwen-3.5-9B (reasoning),both
jacobson_4.5,no,Qwen-3.5-9B (reasoning),both
jacobson_3.6(a),no,Qwen-3.5-9B (reasoning),both
jacobson_2.16,no,Qwen-3.5-9B (reasoning),both
jacobson_2.7,no,Qwen-3.5-9B (reasoning),fragile
jacobson_3.6(c),no,Qwen-3.5-9B (reasoning),both
jacobson_2.17,no,Qwen-3.5-9B (reasoning),both
jacobson_4.8,no,Qwen-3.5-9B (reasoning),both
jacobson_2.5,no,Qwen-3.5-9B (reasoning),both
jacobson_18.6,no,Qwen-3.5-9B (reasoning),both
jacobson_13.2,no,Qwen-3.5-9B (reasoning),gained
jacobson_38,no,Qwen-3.5-9B (reasoning),fragile
jacobson_18.1,no,Qwen-3.5-9B (reasoning),neither
jacobson_18.8(a),no,Qwen-3.5-9B (reasoning),neither
jacobson_2.19,no,Qwen-3.5-9B (reasoning),both
air_102,no,Qwen-3.5-9B (reasoning),both
air_107,no,Qwen-3.5-9B (reasoning),both
air_0,no,Qwen-3.5-9B (reasoning),both
1.2,no,Qwen-3.5-9B (reasoning),both
air_110,no,Qwen-3.5-9B (reasoning),both
air_111,no,Qwen-3.5-9B (reasoning),both
air_120,no,Qwen-3.5-9B (reasoning),both
1.1,no,Qwen-3.5-9B (reasoning),both
air_125,no,Qwen-3.5-9B (reasoning),both
air_132,no,Qwen-3.5-9B (reasoning),both
10.3,no,Qwen-3.5-9B (reasoning),neither
air_133,no,Qwen-3.5-9B (reasoning),both
air_147,no,Qwen-3.5-9B (reasoning),both
air_170,no,Qwen-3.5-9B (reasoning),both
air_177,no,Qwen-3.5-9B (reasoning),both
air_183,no,Qwen-3.5-9B (reasoning),both
air_187,no,Qwen-3.5-9B (reasoning),both
air_197,no,Qwen-3.5-9B (reasoning),both
air_215,no,Qwen-3.5-9B (reasoning),fragile
air_224,no,Qwen-3.5-9B (reasoning),both
air_227,no,Qwen-3.5-9B (reasoning),both
air_259,no,Qwen-3.5-9B (reasoning),both
air_255,no,Qwen-3.5-9B (reasoning),both
air_220,no,Qwen-3.5-9B (reasoning),both
air_261,no,Qwen-3.5-9B (reasoning),both
air_290,no,Qwen-3.5-9B (reasoning),both
air_299,yes,Qwen-3.5-9B (reasoning),fragile
air_263,no,Qwen-3.5-9B (reasoning),fragile
air_3,no,Qwen-3.5-9B (reasoning),both
air_308,no,Qwen-3.5-9B (reasoning),both
air_310,no,Qwen-3.5-9B (reasoning),both
air_264,no,Qwen-3.5-9B (reasoning),fragile
air_304,yes,Qwen-3.5-9B (reasoning),both
air_330,no,Qwen-3.5-9B (reasoning),both
air_339,no,Qwen-3.5-9B (reasoning),both
air_338,no,Qwen-3.5-9B (reasoning),both
air_347,no,Qwen-3.5-9B (reasoning),both
air_349,no,Qwen-3.5-9B (reasoning),both
air_345,no,Qwen-3.5-9B (reasoning),both
air_362,no,Qwen-3.5-9B (reasoning),both
air_379,no,Qwen-3.5-9B (reasoning),both
air_380,yes,Qwen-3.5-9B (reasoning),both
air_385,yes,Qwen-3.5-9B (reasoning),both
air_395,no,Qwen-3.5-9B (reasoning),both
air_59,no,Qwen-3.5-9B (reasoning),both
air_360,no,Qwen-3.5-9B (reasoning),fragile
air_64,no,Qwen-3.5-9B (reasoning),both
air_68,no,Qwen-3.5-9B (reasoning),both
air_99,no,Qwen-3.5-9B (reasoning),both
dn_10.28,no,Qwen-3.5-9B (reasoning),both
air_90,no,Qwen-3.5-9B (reasoning),both
holton_40,no,Qwen-3.5-9B (reasoning),both
air_392,no,Qwen-3.5-9B (reasoning),both
holton_36,no,Qwen-3.5-9B (reasoning),both
holton_76,no,Qwen-3.5-9B (reasoning),both
holton_7,no,Qwen-3.5-9B (reasoning),both
jacob_13.2,no,Qwen-3.5-9B (reasoning),gained
holton_56,no,Qwen-3.5-9B (reasoning),neither
p_101,yes,Qwen-3.5-9B (reasoning),both
ca_10.7,no,Qwen-3.5-9B (reasoning),both
p_103,no,Qwen-3.5-9B (reasoning),both
p_106,no,Qwen-3.5-9B (reasoning),both
p_113,no,Qwen-3.5-9B (reasoning),neither
p_110,no,Qwen-3.5-9B (reasoning),both
p_114,no,Qwen-3.5-9B (reasoning),both
p_115,no,Qwen-3.5-9B (reasoning),both
p_22,no,Qwen-3.5-9B (reasoning),both
p_12,no,Qwen-3.5-9B (reasoning),both
p_20,no,Qwen-3.5-9B (reasoning),both
p_25,no,Qwen-3.5-9B (reasoning),both
p_26,no,Qwen-3.5-9B (reasoning),both
p_3,no,Qwen-3.5-9B (reasoning),both
p_21,no,Qwen-3.5-9B (reasoning),both
p_41,no,Qwen-3.5-9B (reasoning),both
p_37,no,Qwen-3.5-9B (reasoning),both
jacob_4.7,no,Qwen-3.5-9B (reasoning),both
p_4,no,Qwen-3.5-9B (reasoning),both
p_57,no,Qwen-3.5-9B (reasoning),both
p_55,no,Qwen-3.5-9B (reasoning),both
p_5,no,Qwen-3.5-9B (reasoning),both
p_56,no,Qwen-3.5-9B (reasoning),both
p_7,no,Qwen-3.5-9B (reasoning),both
p_96,no,Qwen-3.5-9B (reasoning),both
p_70,no,Qwen-3.5-9B (reasoning),both
p_6,no,Qwen-3.5-9B (reasoning),both
turner_1,no,Qwen-3.5-9B (reasoning),both
snp_9,no,Qwen-3.5-9B (reasoning),fragile
turner_2,no,Qwen-3.5-9B (reasoning),both
p_73,no,Qwen-3.5-9B (reasoning),fragile
p_102,no,Qwen-3.5-9B (reasoning),both
air_89,yes,Qwen-3.5-9B (reasoning),both
2.14,no,Qwen-3.5-9B (reasoning),both
holton_2,no,Qwen-3.5-9B (reasoning),neither
holton_53,no,Qwen-3.5-9B (reasoning),gained
air_148,no,Qwen-3.5-9B (reasoning),both
air_137,no,Qwen-3.5-9B (reasoning),both
air_143,no,Qwen-3.5-9B (reasoning),both
air_165,no,Qwen-3.5-9B (reasoning),both
air_229,no,Qwen-3.5-9B (reasoning),both
air_206,no,Qwen-3.5-9B (reasoning),both
air_231,yes,Qwen-3.5-9B (reasoning),both
air_306,no,Qwen-3.5-9B (reasoning),both
air_105,no,Qwen-3.5-9B (reasoning),both
air_322,no,Qwen-3.5-9B (reasoning),both
air_351,no,Qwen-3.5-9B (reasoning),both
air_334,no,Qwen-3.5-9B (reasoning),both
air_342,no,Qwen-3.5-9B (reasoning),both
air_408,no,Qwen-3.5-9B (reasoning),both
dn_13.4,no,Qwen-3.5-9B (reasoning),both
dn_15.18,no,Qwen-3.5-9B (reasoning),both
air_361,no,Qwen-3.5-9B (reasoning),both
air_269,no,Qwen-3.5-9B (reasoning),both
fp_11.2,no,Qwen-3.5-9B (reasoning),both
holton_10,no,Qwen-3.5-9B (reasoning),both
holton_13,no,Qwen-3.5-9B (reasoning),both
jacob_4.8,yes,Qwen-3.5-9B (reasoning),neither
jacobson_2.14,no,Qwen-3.5-9B (reasoning),both
p_124,no,Qwen-3.5-9B (reasoning),both
p_93,no,Qwen-3.5-9B (reasoning),both
jacobson_4.6,no,Qwen-3.5-9B (reasoning),neither
jacobson_5.2,no,Qwen-3.5-9B (reasoning),both
air_108,no,Qwen-3.5-9B (reasoning),both
air_126,no,Qwen-3.5-9B (reasoning),both
air_238,no,Qwen-3.5-9B (reasoning),both
snp_64,no,Qwen-3.5-9B (reasoning),both
dn_14.10,no,Qwen-3.5-9B (reasoning),both
jacobson_14.1,no,Qwen-3.5-9B (reasoning),neither
11.1,no,Qwen-3.5-9B,both
4.3,no,Qwen-3.5-9B,gained
6.1.4,no,Qwen-3.5-9B,neither
7.4,no,Qwen-3.5-9B,neither
air_63,no,Qwen-3.5-9B,both
air_71,no,Qwen-3.5-9B,both
air_72,no,Qwen-3.5-9B,both
air_88,no,Qwen-3.5-9B,both
air_91,no,Qwen-3.5-9B,both
air_92,no,Qwen-3.5-9B,both
air_98,no,Qwen-3.5-9B,both
air_103,no,Qwen-3.5-9B,gained
air_106,no,Qwen-3.5-9B,neither
air_104,no,Qwen-3.5-9B,gained
air_123,no,Qwen-3.5-9B,both
air_119,no,Qwen-3.5-9B,both
air_122,no,Qwen-3.5-9B,both
air_124,no,Qwen-3.5-9B,both
air_130,no,Qwen-3.5-9B,both
air_138,no,Qwen-3.5-9B,fragile
air_139,no,Qwen-3.5-9B,neither
air_145,no,Qwen-3.5-9B,both
air_146,no,Qwen-3.5-9B,both
air_149,no,Qwen-3.5-9B,neither
air_154,no,Qwen-3.5-9B,neither
air_159,no,Qwen-3.5-9B,both
air_167,no,Qwen-3.5-9B,neither
air_168,no,Qwen-3.5-9B,both
air_172,no,Qwen-3.5-9B,fragile
air_173,no,Qwen-3.5-9B,both
air_178,no,Qwen-3.5-9B,both
air_182,no,Qwen-3.5-9B,neither
air_198,no,Qwen-3.5-9B,neither
air_201,no,Qwen-3.5-9B,neither
air_203,no,Qwen-3.5-9B,both
air_205,no,Qwen-3.5-9B,both
air_212,no,Qwen-3.5-9B,neither
air_213,no,Qwen-3.5-9B,both
air_214,no,Qwen-3.5-9B,neither
air_228,no,Qwen-3.5-9B,neither
air_235,no,Qwen-3.5-9B,both
air_236,no,Qwen-3.5-9B,both
air_239,no,Qwen-3.5-9B,both
air_246,no,Qwen-3.5-9B,both
air_248,no,Qwen-3.5-9B,neither
air_243,no,Qwen-3.5-9B,fragile
air_251,no,Qwen-3.5-9B,both
air_250,no,Qwen-3.5-9B,both
air_252,no,Qwen-3.5-9B,both
air_256,no,Qwen-3.5-9B,both
air_273,no,Qwen-3.5-9B,both
air_282,no,Qwen-3.5-9B,both
air_284,no,Qwen-3.5-9B,both
air_285,no,Qwen-3.5-9B,both
air_289,no,Qwen-3.5-9B,neither
air_292,no,Qwen-3.5-9B,neither
air_296,no,Qwen-3.5-9B,neither
air_300,no,Qwen-3.5-9B,both
air_301,no,Qwen-3.5-9B,both
air_305,no,Qwen-3.5-9B,both
air_315,no,Qwen-3.5-9B,both
air_314,no,Qwen-3.5-9B,both
air_318,no,Qwen-3.5-9B,both
air_320,no,Qwen-3.5-9B,both
air_321,no,Qwen-3.5-9B,both
air_323,no,Qwen-3.5-9B,both
air_326,no,Qwen-3.5-9B,both
air_328,no,Qwen-3.5-9B,both
air_335,no,Qwen-3.5-9B,both
air_346,no,Qwen-3.5-9B,neither
air_355,no,Qwen-3.5-9B,both
air_368,no,Qwen-3.5-9B,both
air_371,no,Qwen-3.5-9B,both
air_363,no,Qwen-3.5-9B,both
air_369,no,Qwen-3.5-9B,neither
air_382,no,Qwen-3.5-9B,both
air_405,no,Qwen-3.5-9B,both
p_0,no,Qwen-3.5-9B,both
p_10,no,Qwen-3.5-9B,fragile
p_11,no,Qwen-3.5-9B,both
2.4,no,Qwen-3.5-9B,both
2.3,no,Qwen-3.5-9B,both
2.7,no,Qwen-3.5-9B,fragile
2.13,no,Qwen-3.5-9B,gained
2.15,no,Qwen-3.5-9B,gained
5.2,no,Qwen-3.5-9B,both
5.7,no,Qwen-3.5-9B,neither
6.1,no,Qwen-3.5-9B,both
6.2,no,Qwen-3.5-9B,both
p_2,no,Qwen-3.5-9B,both
7.1,no,Qwen-3.5-9B,both
5.10,no,Qwen-3.5-9B,fragile
p_16,no,Qwen-3.5-9B,gained
p_23,no,Qwen-3.5-9B,both
p_35,no,Qwen-3.5-9B,both
p_38,no,Qwen-3.5-9B,both
p_40,no,Qwen-3.5-9B,both
p_51,no,Qwen-3.5-9B,both
p_52,no,Qwen-3.5-9B,both
p_54,no,Qwen-3.5-9B,both
p_61,no,Qwen-3.5-9B,both
p_63,no,Qwen-3.5-9B,both
p_71,no,Qwen-3.5-9B,both
p_72,no,Qwen-3.5-9B,both
p_83,no,Qwen-3.5-9B,both
p_84,no,Qwen-3.5-9B,both
p_85,no,Qwen-3.5-9B,both
p_95,no,Qwen-3.5-9B,both
p_99,no,Qwen-3.5-9B,neither
p_104,no,Qwen-3.5-9B,both
p_107,no,Qwen-3.5-9B,neither
p_109,no,Qwen-3.5-9B,both
p_108,no,Qwen-3.5-9B,both
p_111,no,Qwen-3.5-9B,both
p_112,no,Qwen-3.5-9B,both
p_123,no,Qwen-3.5-9B,both
p_127,no,Qwen-3.5-9B,both
3.2,no,Qwen-3.5-9B,both
6.9,yes,Qwen-3.5-9B,neither
air_174,no,Qwen-3.5-9B,both
turner_3,no,Qwen-3.5-9B,both
turner_23,no,Qwen-3.5-9B,gained
snp_6,no,Qwen-3.5-9B,fragile
holton_44,no,Qwen-3.5-9B,neither
snp_37,no,Qwen-3.5-9B,gained
snp_12,no,Qwen-3.5-9B,both
holton_22,no,Qwen-3.5-9B,neither
holton_52,no,Qwen-3.5-9B,both
holton_8,no,Qwen-3.5-9B,neither
holton_28,no,Qwen-3.5-9B,both
holton_50,no,Qwen-3.5-9B,neither
snp_45,yes,Qwen-3.5-9B,neither
snp_19,no,Qwen-3.5-9B,both
holton_58,no,Qwen-3.5-9B,both
snp_50,yes,Qwen-3.5-9B,both
holton_34,no,Qwen-3.5-9B,fragile
snp_7,no,Qwen-3.5-9B,gained
holton_5,no,Qwen-3.5-9B,neither
snp_67,no,Qwen-3.5-9B,both
snp_4,no,Qwen-3.5-9B,gained
jacob_2.1,no,Qwen-3.5-9B,both
holton_38,no,Qwen-3.5-9B,fragile
snp_15,no,Qwen-3.5-9B,both
holton_27,no,Qwen-3.5-9B,both
holton_60,no,Qwen-3.5-9B,fragile
holton_62,no,Qwen-3.5-9B,neither
holton_16,no,Qwen-3.5-9B,neither
snp_72,no,Qwen-3.5-9B,both
snp_56,no,Qwen-3.5-9B,neither
holton_30,no,Qwen-3.5-9B,fragile
snp_5,no,Qwen-3.5-9B,both
snp_99,no,Qwen-3.5-9B,neither
snp_85,no,Qwen-3.5-9B,neither
snp_43,no,Qwen-3.5-9B,neither
snp_68,no,Qwen-3.5-9B,both
holton_1,no,Qwen-3.5-9B,both
snp_49,no,Qwen-3.5-9B,neither
snp_8,no,Qwen-3.5-9B,both
holton_11,no,Qwen-3.5-9B,neither
holton_19,no,Qwen-3.5-9B,fragile
holton_33,yes,Qwen-3.5-9B,fragile
holton_51,no,Qwen-3.5-9B,both
jacob_13.4,no,Qwen-3.5-9B,both
snp_22,no,Qwen-3.5-9B,neither
4.4,no,Qwen-3.5-9B,both
2.2,no,Qwen-3.5-9B,both
4.8,no,Qwen-3.5-9B,both
3.11,no,Qwen-3.5-9B,neither
5.11,no,Qwen-3.5-9B,neither
4.9,no,Qwen-3.5-9B,fragile
8.7,no,Qwen-3.5-9B,both
3.8,no,Qwen-3.5-9B,neither
5.9,no,Qwen-3.5-9B,both
air_116,no,Qwen-3.5-9B,both
air_234,no,Qwen-3.5-9B,both
jacob_12.1,no,Qwen-3.5-9B,neither
snp_94,no,Qwen-3.5-9B,neither
snp_30,no,Qwen-3.5-9B,fragile
ry_1.3,no,Qwen-3.5-9B,both
ry_1.6,no,Qwen-3.5-9B,both
ry_3.5,no,Qwen-3.5-9B,fragile
ry_12.5,no,Qwen-3.5-9B,fragile
ry_13.7,no,Qwen-3.5-9B,neither
dn_12.1,no,Qwen-3.5-9B,both
dn_6.27,no,Qwen-3.5-9B,neither
dn_9.27,no,Qwen-3.5-9B,both
dn_4.15,no,Qwen-3.5-9B,both
dn_10.44,no,Qwen-3.5-9B,neither
fp_2.4,no,Qwen-3.5-9B,both
fp_2.1,no,Qwen-3.5-9B,both
fp_12.2,no,Qwen-3.5-9B,both
fp_12.1,no,Qwen-3.5-9B,both
fp_2.5,no,Qwen-3.5-9B,both
ca_3.9,no,Qwen-3.5-9B,neither
ca_10.5,no,Qwen-3.5-9B,both
ca_15.7,no,Qwen-3.5-9B,neither
air_121,no,Qwen-3.5-9B,both
air_226,no,Qwen-3.5-9B,both
dn_6.31,no,Qwen-3.5-9B,neither
dn_8.4,no,Qwen-3.5-9B,both
jacobson_2.1,no,Qwen-3.5-9B,both
jacobson_2.13,no,Qwen-3.5-9B,both
jacobson_2.6,no,Qwen-3.5-9B,both
jacobson_3.5,no,Qwen-3.5-9B,both
jacobson_4.1,no,Qwen-3.5-9B,both
jacobson_4.5,no,Qwen-3.5-9B,both
jacobson_3.6(a),no,Qwen-3.5-9B,fragile
jacobson_2.16,no,Qwen-3.5-9B,fragile
jacobson_2.7,no,Qwen-3.5-9B,both
jacobson_3.6(c),no,Qwen-3.5-9B,both
jacobson_2.17,no,Qwen-3.5-9B,both
jacobson_4.8,no,Qwen-3.5-9B,both
jacobson_2.5,no,Qwen-3.5-9B,both
jacobson_18.6,no,Qwen-3.5-9B,both
jacobson_13.2,no,Qwen-3.5-9B,both
jacobson_38,no,Qwen-3.5-9B,both
jacobson_18.1,no,Qwen-3.5-9B,neither
jacobson_18.8(a),no,Qwen-3.5-9B,neither
jacobson_2.19,no,Qwen-3.5-9B,both
air_102,no,Qwen-3.5-9B,both
air_107,no,Qwen-3.5-9B,both
air_0,no,Qwen-3.5-9B,both
1.2,no,Qwen-3.5-9B,both
air_110,no,Qwen-3.5-9B,both
air_111,no,Qwen-3.5-9B,fragile
air_120,no,Qwen-3.5-9B,both
1.1,no,Qwen-3.5-9B,both
air_125,no,Qwen-3.5-9B,both
air_132,no,Qwen-3.5-9B,both
10.3,no,Qwen-3.5-9B,neither
air_133,no,Qwen-3.5-9B,both
air_147,no,Qwen-3.5-9B,both
air_170,no,Qwen-3.5-9B,both
air_177,no,Qwen-3.5-9B,both
air_183,no,Qwen-3.5-9B,both
air_187,no,Qwen-3.5-9B,both
air_197,no,Qwen-3.5-9B,both
air_215,no,Qwen-3.5-9B,neither
air_224,no,Qwen-3.5-9B,both
air_227,no,Qwen-3.5-9B,both
air_259,no,Qwen-3.5-9B,both
air_255,no,Qwen-3.5-9B,both
air_220,no,Qwen-3.5-9B,neither
air_261,no,Qwen-3.5-9B,both
air_290,no,Qwen-3.5-9B,both
air_299,yes,Qwen-3.5-9B,fragile
air_263,no,Qwen-3.5-9B,fragile
air_3,no,Qwen-3.5-9B,both
air_308,no,Qwen-3.5-9B,fragile
air_310,no,Qwen-3.5-9B,both
air_264,no,Qwen-3.5-9B,neither
air_304,yes,Qwen-3.5-9B,gained
air_330,no,Qwen-3.5-9B,both
air_339,no,Qwen-3.5-9B,both
air_338,no,Qwen-3.5-9B,both
air_347,no,Qwen-3.5-9B,both
air_349,no,Qwen-3.5-9B,both
air_345,no,Qwen-3.5-9B,both
air_362,no,Qwen-3.5-9B,both
air_379,no,Qwen-3.5-9B,neither
air_380,yes,Qwen-3.5-9B,neither
air_385,yes,Qwen-3.5-9B,both
air_395,no,Qwen-3.5-9B,both
air_59,no,Qwen-3.5-9B,gained
air_360,no,Qwen-3.5-9B,neither
air_64,no,Qwen-3.5-9B,both
air_68,no,Qwen-3.5-9B,fragile
air_99,no,Qwen-3.5-9B,both
dn_10.28,no,Qwen-3.5-9B,both
air_90,no,Qwen-3.5-9B,both
holton_40,no,Qwen-3.5-9B,fragile
air_392,no,Qwen-3.5-9B,both
holton_36,no,Qwen-3.5-9B,both
holton_76,no,Qwen-3.5-9B,gained
holton_7,no,Qwen-3.5-9B,both
jacob_13.2,no,Qwen-3.5-9B,gained
holton_56,no,Qwen-3.5-9B,fragile
p_101,yes,Qwen-3.5-9B,neither
ca_10.7,no,Qwen-3.5-9B,both
p_103,no,Qwen-3.5-9B,both
p_106,no,Qwen-3.5-9B,both
p_113,no,Qwen-3.5-9B,neither
p_110,no,Qwen-3.5-9B,gained
p_114,no,Qwen-3.5-9B,both
p_115,no,Qwen-3.5-9B,both
p_22,no,Qwen-3.5-9B,both
p_12,no,Qwen-3.5-9B,neither
p_20,no,Qwen-3.5-9B,both
p_25,no,Qwen-3.5-9B,gained
p_26,no,Qwen-3.5-9B,both
p_3,no,Qwen-3.5-9B,both
p_21,no,Qwen-3.5-9B,both
p_41,no,Qwen-3.5-9B,both
p_37,no,Qwen-3.5-9B,both
jacob_4.7,no,Qwen-3.5-9B,both
p_4,no,Qwen-3.5-9B,neither
p_57,no,Qwen-3.5-9B,both
p_55,no,Qwen-3.5-9B,both
p_5,no,Qwen-3.5-9B,neither
p_56,no,Qwen-3.5-9B,both
p_7,no,Qwen-3.5-9B,both
p_96,no,Qwen-3.5-9B,both
p_70,no,Qwen-3.5-9B,both
p_6,no,Qwen-3.5-9B,gained
turner_1,no,Qwen-3.5-9B,neither
snp_9,no,Qwen-3.5-9B,neither
turner_2,no,Qwen-3.5-9B,both
p_73,no,Qwen-3.5-9B,gained
p_102,no,Qwen-3.5-9B,both
air_89,yes,Qwen-3.5-9B,both
2.14,no,Qwen-3.5-9B,both
holton_2,no,Qwen-3.5-9B,both
holton_53,no,Qwen-3.5-9B,fragile
air_148,no,Qwen-3.5-9B,gained
air_137,no,Qwen-3.5-9B,fragile
air_143,no,Qwen-3.5-9B,both
air_165,no,Qwen-3.5-9B,both
air_229,no,Qwen-3.5-9B,both
air_206,no,Qwen-3.5-9B,fragile
air_231,yes,Qwen-3.5-9B,fragile
air_306,no,Qwen-3.5-9B,both
air_105,no,Qwen-3.5-9B,both
air_322,no,Qwen-3.5-9B,both
air_351,no,Qwen-3.5-9B,both
air_334,no,Qwen-3.5-9B,both
air_342,no,Qwen-3.5-9B,both
air_408,no,Qwen-3.5-9B,gained
dn_13.4,no,Qwen-3.5-9B,both
dn_15.18,no,Qwen-3.5-9B,both
air_361,no,Qwen-3.5-9B,both
air_269,no,Qwen-3.5-9B,both
fp_11.2,no,Qwen-3.5-9B,gained
holton_10,no,Qwen-3.5-9B,gained
holton_13,no,Qwen-3.5-9B,both
jacob_4.8,yes,Qwen-3.5-9B,neither
jacobson_2.14,no,Qwen-3.5-9B,both
p_124,no,Qwen-3.5-9B,gained
p_93,no,Qwen-3.5-9B,gained
jacobson_4.6,no,Qwen-3.5-9B,neither
jacobson_5.2,no,Qwen-3.5-9B,both
air_108,no,Qwen-3.5-9B,both
air_126,no,Qwen-3.5-9B,both
air_238,no,Qwen-3.5-9B,both
snp_64,no,Qwen-3.5-9B,neither
dn_14.10,no,Qwen-3.5-9B,neither
jacobson_14.1,no,Qwen-3.5-9B,neither
11.1,no,Qwen-3.6-27B (reasoning),both
4.3,no,Qwen-3.6-27B (reasoning),both
6.1.4,no,Qwen-3.6-27B (reasoning),both
7.4,no,Qwen-3.6-27B (reasoning),both
air_63,no,Qwen-3.6-27B (reasoning),both
air_71,no,Qwen-3.6-27B (reasoning),both
air_72,no,Qwen-3.6-27B (reasoning),both
air_88,no,Qwen-3.6-27B (reasoning),both
air_91,no,Qwen-3.6-27B (reasoning),both
air_92,no,Qwen-3.6-27B (reasoning),both
air_98,no,Qwen-3.6-27B (reasoning),both
air_103,no,Qwen-3.6-27B (reasoning),both
air_106,no,Qwen-3.6-27B (reasoning),both
air_104,no,Qwen-3.6-27B (reasoning),both
air_123,no,Qwen-3.6-27B (reasoning),both
air_119,no,Qwen-3.6-27B (reasoning),both
air_122,no,Qwen-3.6-27B (reasoning),both
air_124,no,Qwen-3.6-27B (reasoning),both
air_130,no,Qwen-3.6-27B (reasoning),both
air_138,no,Qwen-3.6-27B (reasoning),both
air_139,no,Qwen-3.6-27B (reasoning),both
air_145,no,Qwen-3.6-27B (reasoning),both
air_146,no,Qwen-3.6-27B (reasoning),both
air_149,no,Qwen-3.6-27B (reasoning),fragile
air_154,no,Qwen-3.6-27B (reasoning),fragile
air_159,no,Qwen-3.6-27B (reasoning),both
air_167,no,Qwen-3.6-27B (reasoning),fragile
air_168,no,Qwen-3.6-27B (reasoning),both
air_172,no,Qwen-3.6-27B (reasoning),both
air_173,no,Qwen-3.6-27B (reasoning),both
air_178,no,Qwen-3.6-27B (reasoning),both
air_182,no,Qwen-3.6-27B (reasoning),both
air_198,no,Qwen-3.6-27B (reasoning),both
air_201,no,Qwen-3.6-27B (reasoning),gained
air_203,no,Qwen-3.6-27B (reasoning),both
air_205,no,Qwen-3.6-27B (reasoning),both
air_212,no,Qwen-3.6-27B (reasoning),both
air_213,no,Qwen-3.6-27B (reasoning),both
air_214,no,Qwen-3.6-27B (reasoning),both
air_228,no,Qwen-3.6-27B (reasoning),both
air_235,no,Qwen-3.6-27B (reasoning),both
air_236,no,Qwen-3.6-27B (reasoning),both
air_239,no,Qwen-3.6-27B (reasoning),both
air_246,no,Qwen-3.6-27B (reasoning),both
air_248,no,Qwen-3.6-27B (reasoning),neither
air_243,no,Qwen-3.6-27B (reasoning),both
air_251,no,Qwen-3.6-27B (reasoning),both
air_250,no,Qwen-3.6-27B (reasoning),both
air_252,no,Qwen-3.6-27B (reasoning),both
air_256,no,Qwen-3.6-27B (reasoning),both
air_273,no,Qwen-3.6-27B (reasoning),both
air_282,no,Qwen-3.6-27B (reasoning),both
air_284,no,Qwen-3.6-27B (reasoning),both
air_285,no,Qwen-3.6-27B (reasoning),both
air_289,no,Qwen-3.6-27B (reasoning),neither
air_292,no,Qwen-3.6-27B (reasoning),both
air_296,no,Qwen-3.6-27B (reasoning),both
air_300,no,Qwen-3.6-27B (reasoning),both
air_301,no,Qwen-3.6-27B (reasoning),both
air_305,no,Qwen-3.6-27B (reasoning),both
air_315,no,Qwen-3.6-27B (reasoning),both
air_314,no,Qwen-3.6-27B (reasoning),both
air_318,no,Qwen-3.6-27B (reasoning),both
air_320,no,Qwen-3.6-27B (reasoning),both
air_321,no,Qwen-3.6-27B (reasoning),both
air_323,no,Qwen-3.6-27B (reasoning),both
air_326,no,Qwen-3.6-27B (reasoning),both
air_328,no,Qwen-3.6-27B (reasoning),both
air_335,no,Qwen-3.6-27B (reasoning),both
air_346,no,Qwen-3.6-27B (reasoning),neither
air_355,no,Qwen-3.6-27B (reasoning),both
air_368,no,Qwen-3.6-27B (reasoning),both
air_371,no,Qwen-3.6-27B (reasoning),both
air_363,no,Qwen-3.6-27B (reasoning),both
air_369,no,Qwen-3.6-27B (reasoning),neither
air_382,no,Qwen-3.6-27B (reasoning),both
air_405,no,Qwen-3.6-27B (reasoning),both
p_0,no,Qwen-3.6-27B (reasoning),both
p_10,no,Qwen-3.6-27B (reasoning),both
p_11,no,Qwen-3.6-27B (reasoning),both
2.4,no,Qwen-3.6-27B (reasoning),both
2.3,no,Qwen-3.6-27B (reasoning),both
2.7,no,Qwen-3.6-27B (reasoning),both
2.13,no,Qwen-3.6-27B (reasoning),both
2.15,no,Qwen-3.6-27B (reasoning),both
5.2,no,Qwen-3.6-27B (reasoning),both
5.7,no,Qwen-3.6-27B (reasoning),both
6.1,no,Qwen-3.6-27B (reasoning),both
6.2,no,Qwen-3.6-27B (reasoning),both
p_2,no,Qwen-3.6-27B (reasoning),both
7.1,no,Qwen-3.6-27B (reasoning),both
5.10,no,Qwen-3.6-27B (reasoning),both
p_16,no,Qwen-3.6-27B (reasoning),both
p_23,no,Qwen-3.6-27B (reasoning),both
p_35,no,Qwen-3.6-27B (reasoning),both
p_38,no,Qwen-3.6-27B (reasoning),both
p_40,no,Qwen-3.6-27B (reasoning),both
p_51,no,Qwen-3.6-27B (reasoning),both
p_52,no,Qwen-3.6-27B (reasoning),both
p_54,no,Qwen-3.6-27B (reasoning),both
p_61,no,Qwen-3.6-27B (reasoning),both
p_63,no,Qwen-3.6-27B (reasoning),both
p_71,no,Qwen-3.6-27B (reasoning),both
p_72,no,Qwen-3.6-27B (reasoning),both
p_83,no,Qwen-3.6-27B (reasoning),both
p_84,no,Qwen-3.6-27B (reasoning),both
p_85,no,Qwen-3.6-27B (reasoning),both
p_95,no,Qwen-3.6-27B (reasoning),both
p_99,no,Qwen-3.6-27B (reasoning),both
p_104,no,Qwen-3.6-27B (reasoning),both
p_107,no,Qwen-3.6-27B (reasoning),both
p_109,no,Qwen-3.6-27B (reasoning),both
p_108,no,Qwen-3.6-27B (reasoning),both
p_111,no,Qwen-3.6-27B (reasoning),both
p_112,no,Qwen-3.6-27B (reasoning),both
p_123,no,Qwen-3.6-27B (reasoning),both
p_127,no,Qwen-3.6-27B (reasoning),both
3.2,no,Qwen-3.6-27B (reasoning),both
6.9,yes,Qwen-3.6-27B (reasoning),fragile
air_174,no,Qwen-3.6-27B (reasoning),both
turner_3,no,Qwen-3.6-27B (reasoning),both
turner_23,no,Qwen-3.6-27B (reasoning),both
snp_6,no,Qwen-3.6-27B (reasoning),fragile
holton_44,no,Qwen-3.6-27B (reasoning),both
snp_37,no,Qwen-3.6-27B (reasoning),both
snp_12,no,Qwen-3.6-27B (reasoning),both
holton_22,no,Qwen-3.6-27B (reasoning),neither
holton_52,no,Qwen-3.6-27B (reasoning),both
holton_8,no,Qwen-3.6-27B (reasoning),neither
holton_28,no,Qwen-3.6-27B (reasoning),both
holton_50,no,Qwen-3.6-27B (reasoning),neither
snp_45,yes,Qwen-3.6-27B (reasoning),both
snp_19,no,Qwen-3.6-27B (reasoning),both
holton_58,no,Qwen-3.6-27B (reasoning),both
snp_50,yes,Qwen-3.6-27B (reasoning),both
holton_34,no,Qwen-3.6-27B (reasoning),both
snp_7,no,Qwen-3.6-27B (reasoning),both
holton_5,no,Qwen-3.6-27B (reasoning),fragile
snp_67,no,Qwen-3.6-27B (reasoning),both
snp_4,no,Qwen-3.6-27B (reasoning),both
jacob_2.1,no,Qwen-3.6-27B (reasoning),both
holton_38,no,Qwen-3.6-27B (reasoning),both
snp_15,no,Qwen-3.6-27B (reasoning),both
holton_27,no,Qwen-3.6-27B (reasoning),both
holton_60,no,Qwen-3.6-27B (reasoning),both
holton_62,no,Qwen-3.6-27B (reasoning),neither
holton_16,no,Qwen-3.6-27B (reasoning),both
snp_72,no,Qwen-3.6-27B (reasoning),both
snp_56,no,Qwen-3.6-27B (reasoning),fragile
holton_30,no,Qwen-3.6-27B (reasoning),both
snp_5,no,Qwen-3.6-27B (reasoning),both
snp_99,no,Qwen-3.6-27B (reasoning),both
snp_85,no,Qwen-3.6-27B (reasoning),fragile
snp_43,no,Qwen-3.6-27B (reasoning),both
snp_68,no,Qwen-3.6-27B (reasoning),both
holton_1,no,Qwen-3.6-27B (reasoning),both
snp_49,no,Qwen-3.6-27B (reasoning),neither
snp_8,no,Qwen-3.6-27B (reasoning),both
holton_11,no,Qwen-3.6-27B (reasoning),neither
holton_19,no,Qwen-3.6-27B (reasoning),neither
holton_33,yes,Qwen-3.6-27B (reasoning),both
holton_51,no,Qwen-3.6-27B (reasoning),both
jacob_13.4,no,Qwen-3.6-27B (reasoning),both
snp_22,no,Qwen-3.6-27B (reasoning),both
4.4,no,Qwen-3.6-27B (reasoning),both
2.2,no,Qwen-3.6-27B (reasoning),both
4.8,no,Qwen-3.6-27B (reasoning),both
3.11,no,Qwen-3.6-27B (reasoning),both
5.11,no,Qwen-3.6-27B (reasoning),neither
4.9,no,Qwen-3.6-27B (reasoning),both
8.7,no,Qwen-3.6-27B (reasoning),both
3.8,no,Qwen-3.6-27B (reasoning),both
5.9,no,Qwen-3.6-27B (reasoning),both
air_116,no,Qwen-3.6-27B (reasoning),both
air_234,no,Qwen-3.6-27B (reasoning),both
jacob_12.1,no,Qwen-3.6-27B (reasoning),both
snp_94,no,Qwen-3.6-27B (reasoning),both
snp_30,no,Qwen-3.6-27B (reasoning),both
ry_1.3,no,Qwen-3.6-27B (reasoning),both
ry_1.6,no,Qwen-3.6-27B (reasoning),both
ry_3.5,no,Qwen-3.6-27B (reasoning),both
ry_12.5,no,Qwen-3.6-27B (reasoning),both
ry_13.7,no,Qwen-3.6-27B (reasoning),both
dn_12.1,no,Qwen-3.6-27B (reasoning),both
dn_6.27,no,Qwen-3.6-27B (reasoning),both
dn_9.27,no,Qwen-3.6-27B (reasoning),both
dn_4.15,no,Qwen-3.6-27B (reasoning),both
dn_10.44,no,Qwen-3.6-27B (reasoning),both
fp_2.4,no,Qwen-3.6-27B (reasoning),both
fp_2.1,no,Qwen-3.6-27B (reasoning),both
fp_12.2,no,Qwen-3.6-27B (reasoning),both
fp_12.1,no,Qwen-3.6-27B (reasoning),both
fp_2.5,no,Qwen-3.6-27B (reasoning),both
ca_3.9,no,Qwen-3.6-27B (reasoning),gained
ca_10.5,no,Qwen-3.6-27B (reasoning),both
ca_15.7,no,Qwen-3.6-27B (reasoning),both
air_121,no,Qwen-3.6-27B (reasoning),both
air_226,no,Qwen-3.6-27B (reasoning),both
dn_6.31,no,Qwen-3.6-27B (reasoning),neither
dn_8.4,no,Qwen-3.6-27B (reasoning),both
jacobson_2.1,no,Qwen-3.6-27B (reasoning),both
jacobson_2.13,no,Qwen-3.6-27B (reasoning),both
jacobson_2.6,no,Qwen-3.6-27B (reasoning),both
jacobson_3.5,no,Qwen-3.6-27B (reasoning),both
jacobson_4.1,no,Qwen-3.6-27B (reasoning),both
jacobson_4.5,no,Qwen-3.6-27B (reasoning),both
jacobson_3.6(a),no,Qwen-3.6-27B (reasoning),both
jacobson_2.16,no,Qwen-3.6-27B (reasoning),both
jacobson_2.7,no,Qwen-3.6-27B (reasoning),both
jacobson_3.6(c),no,Qwen-3.6-27B (reasoning),both
jacobson_2.17,no,Qwen-3.6-27B (reasoning),both
jacobson_4.8,no,Qwen-3.6-27B (reasoning),both
jacobson_2.5,no,Qwen-3.6-27B (reasoning),both
jacobson_18.6,no,Qwen-3.6-27B (reasoning),both
jacobson_13.2,no,Qwen-3.6-27B (reasoning),both
jacobson_38,no,Qwen-3.6-27B (reasoning),both
jacobson_18.1,no,Qwen-3.6-27B (reasoning),both
jacobson_18.8(a),no,Qwen-3.6-27B (reasoning),gained
jacobson_2.19,no,Qwen-3.6-27B (reasoning),both
air_102,no,Qwen-3.6-27B (reasoning),both
air_107,no,Qwen-3.6-27B (reasoning),both
air_0,no,Qwen-3.6-27B (reasoning),both
1.2,no,Qwen-3.6-27B (reasoning),both
air_110,no,Qwen-3.6-27B (reasoning),both
air_111,no,Qwen-3.6-27B (reasoning),both
air_120,no,Qwen-3.6-27B (reasoning),both
1.1,no,Qwen-3.6-27B (reasoning),both
air_125,no,Qwen-3.6-27B (reasoning),both
air_132,no,Qwen-3.6-27B (reasoning),both
10.3,no,Qwen-3.6-27B (reasoning),both
air_133,no,Qwen-3.6-27B (reasoning),both
air_147,no,Qwen-3.6-27B (reasoning),both
air_170,no,Qwen-3.6-27B (reasoning),both
air_177,no,Qwen-3.6-27B (reasoning),both
air_183,no,Qwen-3.6-27B (reasoning),both
air_187,no,Qwen-3.6-27B (reasoning),both
air_197,no,Qwen-3.6-27B (reasoning),both
air_215,no,Qwen-3.6-27B (reasoning),both
air_224,no,Qwen-3.6-27B (reasoning),both
air_227,no,Qwen-3.6-27B (reasoning),both
air_259,no,Qwen-3.6-27B (reasoning),both
air_255,no,Qwen-3.6-27B (reasoning),both
air_220,no,Qwen-3.6-27B (reasoning),neither
air_261,no,Qwen-3.6-27B (reasoning),both
air_290,no,Qwen-3.6-27B (reasoning),both
air_299,yes,Qwen-3.6-27B (reasoning),both
air_263,no,Qwen-3.6-27B (reasoning),both
air_3,no,Qwen-3.6-27B (reasoning),both
air_308,no,Qwen-3.6-27B (reasoning),both
air_310,no,Qwen-3.6-27B (reasoning),both
air_264,no,Qwen-3.6-27B (reasoning),both
air_304,yes,Qwen-3.6-27B (reasoning),both
air_330,no,Qwen-3.6-27B (reasoning),both
air_339,no,Qwen-3.6-27B (reasoning),both
air_338,no,Qwen-3.6-27B (reasoning),both
air_347,no,Qwen-3.6-27B (reasoning),both
air_349,no,Qwen-3.6-27B (reasoning),both
air_345,no,Qwen-3.6-27B (reasoning),both
air_362,no,Qwen-3.6-27B (reasoning),both
air_379,no,Qwen-3.6-27B (reasoning),both
air_380,yes,Qwen-3.6-27B (reasoning),both
air_385,yes,Qwen-3.6-27B (reasoning),both
air_395,no,Qwen-3.6-27B (reasoning),both
air_59,no,Qwen-3.6-27B (reasoning),both
air_360,no,Qwen-3.6-27B (reasoning),both
air_64,no,Qwen-3.6-27B (reasoning),both
air_68,no,Qwen-3.6-27B (reasoning),both
air_99,no,Qwen-3.6-27B (reasoning),both
dn_10.28,no,Qwen-3.6-27B (reasoning),both
air_90,no,Qwen-3.6-27B (reasoning),both
holton_40,no,Qwen-3.6-27B (reasoning),both
air_392,no,Qwen-3.6-27B (reasoning),both
holton_36,no,Qwen-3.6-27B (reasoning),both
holton_76,no,Qwen-3.6-27B (reasoning),both
holton_7,no,Qwen-3.6-27B (reasoning),both
jacob_13.2,no,Qwen-3.6-27B (reasoning),both
holton_56,no,Qwen-3.6-27B (reasoning),both
p_101,yes,Qwen-3.6-27B (reasoning),both
ca_10.7,no,Qwen-3.6-27B (reasoning),both
p_103,no,Qwen-3.6-27B (reasoning),both
p_106,no,Qwen-3.6-27B (reasoning),both
p_113,no,Qwen-3.6-27B (reasoning),neither
p_110,no,Qwen-3.6-27B (reasoning),both
p_114,no,Qwen-3.6-27B (reasoning),both
p_115,no,Qwen-3.6-27B (reasoning),both
p_22,no,Qwen-3.6-27B (reasoning),both
p_12,no,Qwen-3.6-27B (reasoning),both
p_20,no,Qwen-3.6-27B (reasoning),both
p_25,no,Qwen-3.6-27B (reasoning),both
p_26,no,Qwen-3.6-27B (reasoning),both
p_3,no,Qwen-3.6-27B (reasoning),both
p_21,no,Qwen-3.6-27B (reasoning),both
p_41,no,Qwen-3.6-27B (reasoning),both
p_37,no,Qwen-3.6-27B (reasoning),both
jacob_4.7,no,Qwen-3.6-27B (reasoning),both
p_4,no,Qwen-3.6-27B (reasoning),both
p_57,no,Qwen-3.6-27B (reasoning),both
p_55,no,Qwen-3.6-27B (reasoning),both
p_5,no,Qwen-3.6-27B (reasoning),both
p_56,no,Qwen-3.6-27B (reasoning),both
p_7,no,Qwen-3.6-27B (reasoning),both
p_96,no,Qwen-3.6-27B (reasoning),both
p_70,no,Qwen-3.6-27B (reasoning),both
p_6,no,Qwen-3.6-27B (reasoning),both
turner_1,no,Qwen-3.6-27B (reasoning),both
snp_9,no,Qwen-3.6-27B (reasoning),both
turner_2,no,Qwen-3.6-27B (reasoning),both
p_73,no,Qwen-3.6-27B (reasoning),both
p_102,no,Qwen-3.6-27B (reasoning),both
air_89,yes,Qwen-3.6-27B (reasoning),both
2.14,no,Qwen-3.6-27B (reasoning),both
holton_2,no,Qwen-3.6-27B (reasoning),both
holton_53,no,Qwen-3.6-27B (reasoning),both
air_148,no,Qwen-3.6-27B (reasoning),both
air_137,no,Qwen-3.6-27B (reasoning),both
air_143,no,Qwen-3.6-27B (reasoning),both
air_165,no,Qwen-3.6-27B (reasoning),both
air_229,no,Qwen-3.6-27B (reasoning),both
air_206,no,Qwen-3.6-27B (reasoning),both
air_231,yes,Qwen-3.6-27B (reasoning),both
air_306,no,Qwen-3.6-27B (reasoning),both
air_105,no,Qwen-3.6-27B (reasoning),both
air_322,no,Qwen-3.6-27B (reasoning),both
air_351,no,Qwen-3.6-27B (reasoning),both
air_334,no,Qwen-3.6-27B (reasoning),both
air_342,no,Qwen-3.6-27B (reasoning),both
air_408,no,Qwen-3.6-27B (reasoning),both
dn_13.4,no,Qwen-3.6-27B (reasoning),both
dn_15.18,no,Qwen-3.6-27B (reasoning),both
air_361,no,Qwen-3.6-27B (reasoning),both
air_269,no,Qwen-3.6-27B (reasoning),both
fp_11.2,no,Qwen-3.6-27B (reasoning),both
holton_10,no,Qwen-3.6-27B (reasoning),both
holton_13,no,Qwen-3.6-27B (reasoning),both
jacob_4.8,yes,Qwen-3.6-27B (reasoning),both
jacobson_2.14,no,Qwen-3.6-27B (reasoning),both
p_124,no,Qwen-3.6-27B (reasoning),both
p_93,no,Qwen-3.6-27B (reasoning),both
jacobson_4.6,no,Qwen-3.6-27B (reasoning),fragile
jacobson_5.2,no,Qwen-3.6-27B (reasoning),both
air_108,no,Qwen-3.6-27B (reasoning),both
air_126,no,Qwen-3.6-27B (reasoning),both
air_238,no,Qwen-3.6-27B (reasoning),both
snp_64,no,Qwen-3.6-27B (reasoning),both
dn_14.10,no,Qwen-3.6-27B (reasoning),both
jacobson_14.1,no,Qwen-3.6-27B (reasoning),neither
11.1,no,Qwen-3.6-27B,both
4.3,no,Qwen-3.6-27B,gained
6.1.4,no,Qwen-3.6-27B,both
7.4,no,Qwen-3.6-27B,both
air_63,no,Qwen-3.6-27B,both
air_71,no,Qwen-3.6-27B,both
air_72,no,Qwen-3.6-27B,both
air_88,no,Qwen-3.6-27B,both
air_91,no,Qwen-3.6-27B,both
air_92,no,Qwen-3.6-27B,both
air_98,no,Qwen-3.6-27B,both
air_103,no,Qwen-3.6-27B,gained
air_106,no,Qwen-3.6-27B,fragile
air_104,no,Qwen-3.6-27B,both
air_123,no,Qwen-3.6-27B,both
air_119,no,Qwen-3.6-27B,both
air_122,no,Qwen-3.6-27B,both
air_124,no,Qwen-3.6-27B,both
air_130,no,Qwen-3.6-27B,both
air_138,no,Qwen-3.6-27B,both
air_139,no,Qwen-3.6-27B,neither
air_145,no,Qwen-3.6-27B,both
air_146,no,Qwen-3.6-27B,both
air_149,no,Qwen-3.6-27B,fragile
air_154,no,Qwen-3.6-27B,neither
air_159,no,Qwen-3.6-27B,both
air_167,no,Qwen-3.6-27B,neither
air_168,no,Qwen-3.6-27B,both
air_172,no,Qwen-3.6-27B,both
air_173,no,Qwen-3.6-27B,both
air_178,no,Qwen-3.6-27B,both
air_182,no,Qwen-3.6-27B,neither
air_198,no,Qwen-3.6-27B,both
air_201,no,Qwen-3.6-27B,gained
air_203,no,Qwen-3.6-27B,both
air_205,no,Qwen-3.6-27B,both
air_212,no,Qwen-3.6-27B,both
air_213,no,Qwen-3.6-27B,both
air_214,no,Qwen-3.6-27B,both
air_228,no,Qwen-3.6-27B,gained
air_235,no,Qwen-3.6-27B,both
air_236,no,Qwen-3.6-27B,both
air_239,no,Qwen-3.6-27B,both
air_246,no,Qwen-3.6-27B,both
air_248,no,Qwen-3.6-27B,neither
air_243,no,Qwen-3.6-27B,both
air_251,no,Qwen-3.6-27B,both
air_250,no,Qwen-3.6-27B,both
air_252,no,Qwen-3.6-27B,both
air_256,no,Qwen-3.6-27B,both
air_273,no,Qwen-3.6-27B,both
air_282,no,Qwen-3.6-27B,both
air_284,no,Qwen-3.6-27B,gained
air_285,no,Qwen-3.6-27B,both
air_289,no,Qwen-3.6-27B,neither
air_292,no,Qwen-3.6-27B,both
air_296,no,Qwen-3.6-27B,both
air_300,no,Qwen-3.6-27B,both
air_301,no,Qwen-3.6-27B,both
air_305,no,Qwen-3.6-27B,both
air_315,no,Qwen-3.6-27B,both
air_314,no,Qwen-3.6-27B,both
air_318,no,Qwen-3.6-27B,both
air_320,no,Qwen-3.6-27B,both
air_321,no,Qwen-3.6-27B,both
air_323,no,Qwen-3.6-27B,both
air_326,no,Qwen-3.6-27B,both
air_328,no,Qwen-3.6-27B,both
air_335,no,Qwen-3.6-27B,both
air_346,no,Qwen-3.6-27B,neither
air_355,no,Qwen-3.6-27B,both
air_368,no,Qwen-3.6-27B,both
air_371,no,Qwen-3.6-27B,both
air_363,no,Qwen-3.6-27B,both
air_369,no,Qwen-3.6-27B,neither
air_382,no,Qwen-3.6-27B,both
air_405,no,Qwen-3.6-27B,both
p_0,no,Qwen-3.6-27B,both
p_10,no,Qwen-3.6-27B,both
p_11,no,Qwen-3.6-27B,both
2.4,no,Qwen-3.6-27B,both
2.3,no,Qwen-3.6-27B,both
2.7,no,Qwen-3.6-27B,neither
2.13,no,Qwen-3.6-27B,both
2.15,no,Qwen-3.6-27B,both
5.2,no,Qwen-3.6-27B,both
5.7,no,Qwen-3.6-27B,both
6.1,no,Qwen-3.6-27B,both
6.2,no,Qwen-3.6-27B,both
p_2,no,Qwen-3.6-27B,both
7.1,no,Qwen-3.6-27B,both
5.10,no,Qwen-3.6-27B,both
p_16,no,Qwen-3.6-27B,both
p_23,no,Qwen-3.6-27B,both
p_35,no,Qwen-3.6-27B,both
p_38,no,Qwen-3.6-27B,both
p_40,no,Qwen-3.6-27B,both
p_51,no,Qwen-3.6-27B,both
p_52,no,Qwen-3.6-27B,both
p_54,no,Qwen-3.6-27B,both
p_61,no,Qwen-3.6-27B,both
p_63,no,Qwen-3.6-27B,both
p_71,no,Qwen-3.6-27B,both
p_72,no,Qwen-3.6-27B,both
p_83,no,Qwen-3.6-27B,both
p_84,no,Qwen-3.6-27B,gained
p_85,no,Qwen-3.6-27B,both
p_95,no,Qwen-3.6-27B,both
p_99,no,Qwen-3.6-27B,neither
p_104,no,Qwen-3.6-27B,both
p_107,no,Qwen-3.6-27B,both
p_109,no,Qwen-3.6-27B,both
p_108,no,Qwen-3.6-27B,both
p_111,no,Qwen-3.6-27B,both
p_112,no,Qwen-3.6-27B,both
p_123,no,Qwen-3.6-27B,both
p_127,no,Qwen-3.6-27B,both
3.2,no,Qwen-3.6-27B,both
6.9,yes,Qwen-3.6-27B,both
air_174,no,Qwen-3.6-27B,both
turner_3,no,Qwen-3.6-27B,both
turner_23,no,Qwen-3.6-27B,neither
snp_6,no,Qwen-3.6-27B,gained
holton_44,no,Qwen-3.6-27B,neither
snp_37,no,Qwen-3.6-27B,both
snp_12,no,Qwen-3.6-27B,both
holton_22,no,Qwen-3.6-27B,neither
holton_52,no,Qwen-3.6-27B,both
holton_8,no,Qwen-3.6-27B,neither
holton_28,no,Qwen-3.6-27B,both
holton_50,no,Qwen-3.6-27B,neither
snp_45,yes,Qwen-3.6-27B,neither
snp_19,no,Qwen-3.6-27B,both
holton_58,no,Qwen-3.6-27B,both
snp_50,yes,Qwen-3.6-27B,both
holton_34,no,Qwen-3.6-27B,both
snp_7,no,Qwen-3.6-27B,both
holton_5,no,Qwen-3.6-27B,neither
snp_67,no,Qwen-3.6-27B,both
snp_4,no,Qwen-3.6-27B,both
jacob_2.1,no,Qwen-3.6-27B,both
holton_38,no,Qwen-3.6-27B,gained
snp_15,no,Qwen-3.6-27B,neither
holton_27,no,Qwen-3.6-27B,both
holton_60,no,Qwen-3.6-27B,both
holton_62,no,Qwen-3.6-27B,neither
holton_16,no,Qwen-3.6-27B,neither
snp_72,no,Qwen-3.6-27B,both
snp_56,no,Qwen-3.6-27B,fragile
holton_30,no,Qwen-3.6-27B,both
snp_5,no,Qwen-3.6-27B,both
snp_99,no,Qwen-3.6-27B,both
snp_85,no,Qwen-3.6-27B,neither
snp_43,no,Qwen-3.6-27B,gained
snp_68,no,Qwen-3.6-27B,both
holton_1,no,Qwen-3.6-27B,both
snp_49,no,Qwen-3.6-27B,neither
snp_8,no,Qwen-3.6-27B,both
holton_11,no,Qwen-3.6-27B,neither
holton_19,no,Qwen-3.6-27B,both
holton_33,yes,Qwen-3.6-27B,both
holton_51,no,Qwen-3.6-27B,both
jacob_13.4,no,Qwen-3.6-27B,both
snp_22,no,Qwen-3.6-27B,both
4.4,no,Qwen-3.6-27B,both
2.2,no,Qwen-3.6-27B,both
4.8,no,Qwen-3.6-27B,both
3.11,no,Qwen-3.6-27B,both
5.11,no,Qwen-3.6-27B,neither
4.9,no,Qwen-3.6-27B,fragile
8.7,no,Qwen-3.6-27B,neither
3.8,no,Qwen-3.6-27B,neither
5.9,no,Qwen-3.6-27B,both
air_116,no,Qwen-3.6-27B,both
air_234,no,Qwen-3.6-27B,both
jacob_12.1,no,Qwen-3.6-27B,both
snp_94,no,Qwen-3.6-27B,fragile
snp_30,no,Qwen-3.6-27B,both
ry_1.3,no,Qwen-3.6-27B,both
ry_1.6,no,Qwen-3.6-27B,both
ry_3.5,no,Qwen-3.6-27B,both
ry_12.5,no,Qwen-3.6-27B,both
ry_13.7,no,Qwen-3.6-27B,neither
dn_12.1,no,Qwen-3.6-27B,both
dn_6.27,no,Qwen-3.6-27B,both
dn_9.27,no,Qwen-3.6-27B,both
dn_4.15,no,Qwen-3.6-27B,both
dn_10.44,no,Qwen-3.6-27B,fragile
fp_2.4,no,Qwen-3.6-27B,both
fp_2.1,no,Qwen-3.6-27B,both
fp_12.2,no,Qwen-3.6-27B,both
fp_12.1,no,Qwen-3.6-27B,both
fp_2.5,no,Qwen-3.6-27B,both
ca_3.9,no,Qwen-3.6-27B,both
ca_10.5,no,Qwen-3.6-27B,both
ca_15.7,no,Qwen-3.6-27B,fragile
air_121,no,Qwen-3.6-27B,both
air_226,no,Qwen-3.6-27B,both
dn_6.31,no,Qwen-3.6-27B,neither
dn_8.4,no,Qwen-3.6-27B,both
jacobson_2.1,no,Qwen-3.6-27B,both
jacobson_2.13,no,Qwen-3.6-27B,both
jacobson_2.6,no,Qwen-3.6-27B,both
jacobson_3.5,no,Qwen-3.6-27B,both
jacobson_4.1,no,Qwen-3.6-27B,both
jacobson_4.5,no,Qwen-3.6-27B,both
jacobson_3.6(a),no,Qwen-3.6-27B,both
jacobson_2.16,no,Qwen-3.6-27B,neither
jacobson_2.7,no,Qwen-3.6-27B,both
jacobson_3.6(c),no,Qwen-3.6-27B,both
jacobson_2.17,no,Qwen-3.6-27B,both
jacobson_4.8,no,Qwen-3.6-27B,both
jacobson_2.5,no,Qwen-3.6-27B,both
jacobson_18.6,no,Qwen-3.6-27B,both
jacobson_13.2,no,Qwen-3.6-27B,both
jacobson_38,no,Qwen-3.6-27B,fragile
jacobson_18.1,no,Qwen-3.6-27B,neither
jacobson_18.8(a),no,Qwen-3.6-27B,neither
jacobson_2.19,no,Qwen-3.6-27B,both
air_102,no,Qwen-3.6-27B,both
air_107,no,Qwen-3.6-27B,both
air_0,no,Qwen-3.6-27B,both
1.2,no,Qwen-3.6-27B,both
air_110,no,Qwen-3.6-27B,both
air_111,no,Qwen-3.6-27B,both
air_120,no,Qwen-3.6-27B,both
1.1,no,Qwen-3.6-27B,both
air_125,no,Qwen-3.6-27B,both
air_132,no,Qwen-3.6-27B,both
10.3,no,Qwen-3.6-27B,both
air_133,no,Qwen-3.6-27B,both
air_147,no,Qwen-3.6-27B,both
air_170,no,Qwen-3.6-27B,both
air_177,no,Qwen-3.6-27B,both
air_183,no,Qwen-3.6-27B,both
air_187,no,Qwen-3.6-27B,both
air_197,no,Qwen-3.6-27B,both
air_215,no,Qwen-3.6-27B,both
air_224,no,Qwen-3.6-27B,both
air_227,no,Qwen-3.6-27B,both
air_259,no,Qwen-3.6-27B,both
air_255,no,Qwen-3.6-27B,both
air_220,no,Qwen-3.6-27B,gained
air_261,no,Qwen-3.6-27B,both
air_290,no,Qwen-3.6-27B,both
air_299,yes,Qwen-3.6-27B,both
air_263,no,Qwen-3.6-27B,fragile
air_3,no,Qwen-3.6-27B,both
air_308,no,Qwen-3.6-27B,both
air_310,no,Qwen-3.6-27B,both
air_264,no,Qwen-3.6-27B,neither
air_304,yes,Qwen-3.6-27B,both
air_330,no,Qwen-3.6-27B,both
air_339,no,Qwen-3.6-27B,both
air_338,no,Qwen-3.6-27B,both
air_347,no,Qwen-3.6-27B,both
air_349,no,Qwen-3.6-27B,both
air_345,no,Qwen-3.6-27B,both
air_362,no,Qwen-3.6-27B,both
air_379,no,Qwen-3.6-27B,both
air_380,yes,Qwen-3.6-27B,fragile
air_385,yes,Qwen-3.6-27B,both
air_395,no,Qwen-3.6-27B,both
air_59,no,Qwen-3.6-27B,both
air_360,no,Qwen-3.6-27B,both
air_64,no,Qwen-3.6-27B,both
air_68,no,Qwen-3.6-27B,both
air_99,no,Qwen-3.6-27B,both
dn_10.28,no,Qwen-3.6-27B,both
air_90,no,Qwen-3.6-27B,both
holton_40,no,Qwen-3.6-27B,both
air_392,no,Qwen-3.6-27B,both
holton_36,no,Qwen-3.6-27B,both
holton_76,no,Qwen-3.6-27B,both
holton_7,no,Qwen-3.6-27B,both
jacob_13.2,no,Qwen-3.6-27B,gained
holton_56,no,Qwen-3.6-27B,neither
p_101,yes,Qwen-3.6-27B,both
ca_10.7,no,Qwen-3.6-27B,both
p_103,no,Qwen-3.6-27B,gained
p_106,no,Qwen-3.6-27B,both
p_113,no,Qwen-3.6-27B,neither
p_110,no,Qwen-3.6-27B,both
p_114,no,Qwen-3.6-27B,both
p_115,no,Qwen-3.6-27B,both
p_22,no,Qwen-3.6-27B,both
p_12,no,Qwen-3.6-27B,gained
p_20,no,Qwen-3.6-27B,both
p_25,no,Qwen-3.6-27B,both
p_26,no,Qwen-3.6-27B,both
p_3,no,Qwen-3.6-27B,both
p_21,no,Qwen-3.6-27B,both
p_41,no,Qwen-3.6-27B,both
p_37,no,Qwen-3.6-27B,both
jacob_4.7,no,Qwen-3.6-27B,gained
p_4,no,Qwen-3.6-27B,both
p_57,no,Qwen-3.6-27B,both
p_55,no,Qwen-3.6-27B,both
p_5,no,Qwen-3.6-27B,fragile
p_56,no,Qwen-3.6-27B,both
p_7,no,Qwen-3.6-27B,both
p_96,no,Qwen-3.6-27B,both
p_70,no,Qwen-3.6-27B,both
p_6,no,Qwen-3.6-27B,both
turner_1,no,Qwen-3.6-27B,both
snp_9,no,Qwen-3.6-27B,both
turner_2,no,Qwen-3.6-27B,both
p_73,no,Qwen-3.6-27B,both
p_102,no,Qwen-3.6-27B,both
air_89,yes,Qwen-3.6-27B,both
2.14,no,Qwen-3.6-27B,both
holton_2,no,Qwen-3.6-27B,both
holton_53,no,Qwen-3.6-27B,both
air_148,no,Qwen-3.6-27B,neither
air_137,no,Qwen-3.6-27B,both
air_143,no,Qwen-3.6-27B,both
air_165,no,Qwen-3.6-27B,both
air_229,no,Qwen-3.6-27B,both
air_206,no,Qwen-3.6-27B,both
air_231,yes,Qwen-3.6-27B,both
air_306,no,Qwen-3.6-27B,both
air_105,no,Qwen-3.6-27B,both
air_322,no,Qwen-3.6-27B,both
air_351,no,Qwen-3.6-27B,both
air_334,no,Qwen-3.6-27B,both
air_342,no,Qwen-3.6-27B,both
air_408,no,Qwen-3.6-27B,both
dn_13.4,no,Qwen-3.6-27B,both
dn_15.18,no,Qwen-3.6-27B,both
air_361,no,Qwen-3.6-27B,both
air_269,no,Qwen-3.6-27B,both
fp_11.2,no,Qwen-3.6-27B,both
holton_10,no,Qwen-3.6-27B,both
holton_13,no,Qwen-3.6-27B,both
jacob_4.8,yes,Qwen-3.6-27B,both
jacobson_2.14,no,Qwen-3.6-27B,both
p_124,no,Qwen-3.6-27B,both
p_93,no,Qwen-3.6-27B,both
jacobson_4.6,no,Qwen-3.6-27B,both
jacobson_5.2,no,Qwen-3.6-27B,both
air_108,no,Qwen-3.6-27B,fragile
air_126,no,Qwen-3.6-27B,both
air_238,no,Qwen-3.6-27B,both
snp_64,no,Qwen-3.6-27B,both
dn_14.10,no,Qwen-3.6-27B,both
jacobson_14.1,no,Qwen-3.6-27B,neither
